video_id,title,published_at,thumbnail_url,members
"-5xt71sQaQc","They Added More Monsters in REPO!?😱 Please Help Me I'm SCARED!!【R.E.P.O.】","2025-10-30T21:03:40Z","https://i.ytimg.com/vi/-5xt71sQaQc/maxresdefault.jpg","false"
"-DLpbDUGq2A","Comfy Minecraft Farming~!✨🌽And building more stuff!【Minecraft - VSMP 2: Farm Life】","2026-02-07T22:11:56Z","https://i.ytimg.com/vi/-DLpbDUGq2A/maxresdefault.jpg","false"
"-GHDBeBfqsM","My geography redemption arc","2026-06-03T12:00:01Z","https://i.ytimg.com/vi/-GHDBeBfqsM/maxresdefault.jpg","false"
"-KmHKg27jfk","Meeting cute Pokémon!!","2026-04-09T14:00:00Z","https://i.ytimg.com/vi/-KmHKg27jfk/maxresdefault.jpg","false"
"-MnJSuFg2QI","Mario Kart Summer Madness - The Grand Finale!!🏎️✨ 70+ VTuber Tournament!【Mario Kart 8 Deluxe】","2025-08-31T20:49:09Z","https://i.ytimg.com/vi/-MnJSuFg2QI/maxresdefault.jpg","false"
"-bvBCzec0Og","Ratchet & Clank was harder than I remembered!😂","2026-08-07T14:30:18Z","https://i.ytimg.com/vi/-bvBCzec0Og/maxresdefault.jpg","false"
"-dw2ToeJz5c","The Season 1 Server Ending!!✨ Let's Say Goodbye to the Server!【Minecraft - VSMP 2】","2025-11-09T22:37:10Z","https://i.ytimg.com/vi/-dw2ToeJz5c/maxresdefault.jpg","false"
"-f1o84r1CUE","Cozy & fun member's bodycam chatting time💖🦆","2026-03-19T14:31:15Z","https://i.ytimg.com/vi/-f1o84r1CUE/maxresdefault.jpg","true"
"-jmx8_FZjBs","Completely Blind Playthrough!✨Part 1【Ghost of Yōtei】I'm Beyond HYPED For This Game!","2025-10-02T21:49:31Z","https://i.ytimg.com/vi/-jmx8_FZjBs/maxresdefault.jpg","false"
"-mnyMjAdiZw","Cozy Handcam Crafting!💓【Members Stream】Either signing things for kamos or drawing~!","2026-08-11T13:25:38Z","https://i.ytimg.com/vi/-mnyMjAdiZw/maxresdefault.jpg","true"
"-y-2uuFM0ZY","I'm needy & sick today🥺 Please hang out with me?","2026-05-26T19:53:27Z","https://i.ytimg.com/vi/-y-2uuFM0ZY/maxresdefault.jpg","false"
"008BwW2cQiw","Oh Look!! It's The Consequences Of My Actions...!","2025-09-11T10:00:02Z","https://i.ytimg.com/vi/008BwW2cQiw/maxresdefault.jpg","false"
"0RkrNlxnSeA","New Grand Archive Set Opening!✨ It's time for Phantom Monarchs!【Handcam】","2025-11-30T09:23:55Z","https://i.ytimg.com/vi/0RkrNlxnSeA/maxresdefault.jpg","false"
"0uuTghJwFlg","Let play the amazing Ratchet & Clank!✨【Ratchet & Clank - 2002】The PlayStation 2 era is back!!","2026-06-21T22:07:31Z","https://i.ytimg.com/vi/0uuTghJwFlg/maxresdefault.jpg","false"
"0w1YQMazWuY","Duck Detective on the case! 🦆🔍【Blue Prince】","2026-06-09T22:26:19Z","https://i.ytimg.com/vi/0w1YQMazWuY/maxresdefault.jpg","false"
"17QbwUUR-_Q","First Time Playing!✨ Meet My Spear!!【Dark Souls: Remastered】","2025-08-12T22:04:23Z","https://i.ytimg.com/vi/17QbwUUR-_Q/maxresdefault.jpg","false"
"19r9W99O7zA","It's Duelling Time!!✨with a Duel Masters Booster Box!【Handcam】& Cozy Knitting🧶","2026-06-15T20:02:27Z","https://i.ytimg.com/vi/19r9W99O7zA/maxresdefault.jpg","false"
"1EjWE_cD1b0","Drawing Pokémon from memory! Crazy gacha edition~","2026-04-03T14:00:07Z","https://i.ytimg.com/vi/1EjWE_cD1b0/maxresdefault.jpg","false"
"1Gjo9aNHL1c","One Piece Booster Box Opening!✨& Building a One Piece Plamo Ship!【Handcam】","2026-07-27T20:35:40Z","https://i.ytimg.com/vi/1Gjo9aNHL1c/maxresdefault.jpg","false"
"1aOMX6kF54A","Cozy Membies Co-Working!💛","2025-08-19T22:04:35Z","https://i.ytimg.com/vi/1aOMX6kF54A/maxresdefault.jpg","true"
"1hkqDw4i2mg","The Final Day at the Farm!✨🌽The grand server ending party!【Minecraft - VSMP 2: Farm Life】","2026-02-22T23:30:18Z","https://i.ytimg.com/vi/1hkqDw4i2mg/maxresdefault.jpg","false"
"1o_nFZxNX3A","You're probably wondering how I ended up here...","2026-02-22T15:30:02Z","https://i.ytimg.com/vi/1o_nFZxNX3A/maxresdefault.jpg","false"
"25CTU7joufs","It's time for Samurai Adventures!⚔️【Ghost of Yōtei】Completely Blind Playthrough!","2026-03-17T23:26:35Z","https://i.ytimg.com/vi/25CTU7joufs/maxresdefault.jpg","false"
"27Zqqqt3Djo","The most scuffed 3D VTuber debut!","2026-07-20T14:30:06Z","https://i.ytimg.com/vi/27Zqqqt3Djo/maxresdefault.jpg","false"
"2B6Pb_28ar4","Objection!! I was falsely accused!!","2026-03-30T14:00:03Z","https://i.ytimg.com/vi/2B6Pb_28ar4/maxresdefault.jpg","false"
"2E8mxY4NZn0","【DEBUT: The 2nd Chapter】 You have a Question for me?🔍🦆","2026-01-11T22:39:27Z","https://i.ytimg.com/vi/2E8mxY4NZn0/maxresdefault.jpg","false"
"2M6Qeq1czzc","The DLC is epic?!✨【Dark Souls 2】First time playing!","2026-08-09T21:17:29Z","https://i.ytimg.com/vi/2M6Qeq1czzc/maxresdefault.jpg","false"
"2Z6oqs8IrEs","Let's Go! Playing Galaxy For The Very First Time!✨🌌【Super Mario Galaxy - Switch 2】Rosalina love!","2025-10-10T21:43:35Z","https://i.ytimg.com/vi/2Z6oqs8IrEs/maxresdefault.jpg","false"
"2Z_9OJtFg0M","Norwegian 101✨ A VTuber teaches you ALL the Norwegian basics you need to know in 2 hours!","2026-04-09T18:38:34Z","https://i.ytimg.com/vi/2Z_9OJtFg0M/maxresdefault.jpg","false"
"2efGErDdRvc","Let's React to the Gamescom Opening Night Live 2025!【WATCHALONG】","2025-08-19T20:47:31Z","https://i.ytimg.com/vi/2efGErDdRvc/maxresdefault.jpg","false"
"2hpIbp9Z9yg","He Wants to Eat Me!!","2026-03-09T15:30:04Z","https://i.ytimg.com/vi/2hpIbp9Z9yg/maxresdefault.jpg","false"
"2m7vpDsFpuo","The Greatest Samurai Adventure!✨⚔️【Ghost of Yōtei】Blind Playthrough!","2025-10-03T21:35:14Z","https://i.ytimg.com/vi/2m7vpDsFpuo/maxresdefault.jpg","false"
"2xWCNFqBgSc","The Amazing Pokémon Adventure!✨【Pokémon Pokopia】 I never want it to stop~","2026-03-13T23:58:46Z","https://i.ytimg.com/vi/2xWCNFqBgSc/maxresdefault.jpg","false"
"37ZXhqim_RQ","A Grand New Monster Hunting Adventure!✨Playing w/Viewers!【Monster Hunter Rise: Sunbreak】","2025-10-25T14:28:40Z","https://i.ytimg.com/vi/37ZXhqim_RQ/maxresdefault.jpg","false"
"3EkfoVI3txQ","I'm Addicted to Pokopia!✨【Pokémon Pokopia】 Completely Blind Playthrough!","2026-03-12T23:28:12Z","https://i.ytimg.com/vi/3EkfoVI3txQ/maxresdefault.jpg","false"
"3JuM-QnZ_p8","What's the Best Home Alone movie?!✨【WATCHALONG】...I don't care! We're watching Home Alone 3!!","2025-12-27T00:43:14Z","https://i.ytimg.com/vi/3JuM-QnZ_p8/maxresdefault.jpg","false"
"3hwZD8sZ4Ds","Watching Raiders of the Lost Ark!✨【WATCHALONG】My first Indiana Jones movie!","2026-04-11T22:35:43Z","https://i.ytimg.com/vi/3hwZD8sZ4Ds/maxresdefault.jpg","false"
"3rtY-5becuk","#asmr  Pokémon God Pack opening!","2025-09-23T10:00:06Z","https://i.ytimg.com/vi/3rtY-5becuk/maxresdefault.jpg","false"
"3ve__cUdguw","Plamo Building!✨ Building A Ship Model From One Piece⚓【Handcam】","2025-08-10T21:57:22Z","https://i.ytimg.com/vi/3ve__cUdguw/maxresdefault.jpg","false"
"3xxLQTjrVRU","First Time Playing!✨Trying to Beat the Game in One Week! 【Satisfactory】","2025-11-26T00:01:22Z","https://i.ytimg.com/vi/3xxLQTjrVRU/maxresdefault.jpg","false"
"3ype_hh14Co","The seductive flaminGO","2026-05-24T12:00:07Z","https://i.ytimg.com/vi/3ype_hh14Co/maxresdefault.jpg","false"
"4C80CB7NoF4","VTuber Calls You Baka Non-Stop 【ASMR】","2026-04-29T18:30:06Z","https://i.ytimg.com/vi/4C80CB7NoF4/maxresdefault.jpg","false"
"4FjYDXk9JH0","New Years Party!🎉🎇 Come hang out with me! & ANNOUNCEMENT","2025-12-31T21:53:38Z","https://i.ytimg.com/vi/4FjYDXk9JH0/maxresdefault.jpg","false"
"4Mf_Qkp7-3M","Did you just MEOW at me sir?!","2026-02-11T15:30:02Z","https://i.ytimg.com/vi/4Mf_Qkp7-3M/maxresdefault.jpg","false"
"4YIPYiwmK18","Are you ready for fun & chaotic 3D chatting~?!🦆✨【3D Zatsu】","2026-07-26T19:23:55Z","https://i.ytimg.com/vi/4YIPYiwmK18/maxresdefault.jpg","false"
"56hzkJl9qEc","Pokopia might be too good!?","2026-03-24T15:00:06Z","https://i.ytimg.com/vi/56hzkJl9qEc/maxresdefault.jpg","false"
"5CYq7g6pNa4","Opening AMAZING Detective TCG Cards!✨Detective Conan Booster Box opening!【Handcam】& Cozy Knitting🧶","2026-08-10T20:57:59Z","https://i.ytimg.com/vi/5CYq7g6pNa4/maxresdefault.jpg","false"
"5IEvRmRN5bo","Extremely Cute Cards!✨ Unboxing A Cardfight Vanguard Booster Box!【Handcam】& Cozy Chatting💓🦆","2025-08-18T21:08:13Z","https://i.ytimg.com/vi/5IEvRmRN5bo/maxresdefault.jpg","false"
"5T3yWOAETF8","How deep can you go?!😱 Let's find out!!【Subnautica 2】Blind playthrough!","2026-05-22T21:37:17Z","https://i.ytimg.com/vi/5T3yWOAETF8/maxresdefault.jpg","false"
"5TyVulbaNDg","Farming time!✨🌽Cooking & getting more Animals for the Farm!【Minecraft - VSMP 2: Farm Life】","2026-02-11T23:12:52Z","https://i.ytimg.com/vi/5TyVulbaNDg/maxresdefault.jpg","false"
"5rW1cEwo4Ys","This New Game Is AMAZING!!✨ Let's Find Out Where The Mystery Takes Us!【Arctic Awakening】","2025-09-18T22:24:24Z","https://i.ytimg.com/vi/5rW1cEwo4Ys/maxresdefault.jpg","false"
"68MmUJoizKU","Playing Metal Gear Solid like it's Dark Souls!","2026-02-06T15:30:03Z","https://i.ytimg.com/vi/68MmUJoizKU/maxresdefault.jpg","false"
"69cOKl8srwE","First Time Playing this Absolutely Amazing Game!✨【Clair Obscur: Expedition 33】Blind Playthrough!","2025-11-09T21:03:21Z","https://i.ytimg.com/vi/69cOKl8srwE/maxresdefault.jpg","false"
"6SLqT43ZSno","Opening a Collectors Booster Box of MTG Lorwyn Eclipsed✨🤯Is is worth it?!【Handcam】& Cozy Knitting🧶","2026-02-09T21:40:33Z","https://i.ytimg.com/vi/6SLqT43ZSno/maxresdefault.jpg","false"
"6gf6qCFu0fw","Unboxing a NIKKE Booster Box!✨Trying to pull a 1000+ USD Card!【Handcam】& Cozy Knitting🧶","2026-01-12T21:01:56Z","https://i.ytimg.com/vi/6gf6qCFu0fw/maxresdefault.jpg","false"
"6gjq_XB-ioI","Completely Blind Playthrough! - Part 1✨【Metal Gear Solid Delta: Snake Eater】First Metal Gear Game!","2025-08-26T22:05:07Z","https://i.ytimg.com/vi/6gjq_XB-ioI/maxresdefault.jpg","false"
"6iGfWX8gAJM","Dragging three of my friends along to try Multiplayer for the FIRST TIME!【PvZ Garden Warfare 2】","2026-08-18T23:50:58Z","https://i.ytimg.com/vi/6iGfWX8gAJM/maxresdefault.jpg","false"
"6kfZpVbClq0","Can You Learn Japanese Through Gaming? Let's Find Out!✨【Shujinkou】","2025-11-02T15:29:25Z","https://i.ytimg.com/vi/6kfZpVbClq0/maxresdefault.jpg","false"
"6lVW7qgWXl0","It's a brand new Adventure!✨Let's play the new Yoshi Game!【Yoshi and the Mysterious Book】","2026-05-21T22:08:03Z","https://i.ytimg.com/vi/6lVW7qgWXl0/maxresdefault.jpg","false"
"7SkiLeQGAWM","Duck Stream!🦆 Ranching Slimes!","2025-10-14T22:49:01Z","https://i.ytimg.com/vi/7SkiLeQGAWM/maxresdefault.jpg","false"
"7xpy9DhEdDo","Copy of Cozy Member's Handcam Stream!【HANDCAM】","2024-08-22T20:07:15Z","https://i.ytimg.com/vi/7xpy9DhEdDo/maxresdefault.jpg","true"
"81ORwQr3L74","The Journey of 0 Survival Instinct Duck","2026-03-13T15:30:04Z","https://i.ytimg.com/vi/81ORwQr3L74/maxresdefault.jpg","false"
"8IoJTtHTKU4","My Heart and Light | Reverse: 1999 - Paradise Lost （Cover）","2026-05-25T17:00:06Z","https://i.ytimg.com/vi/8IoJTtHTKU4/maxresdefault.jpg","false"
"8MJ9hUry9FE","A cozy new Moomin adventure!✨【Moomintroll: Winter’s Warmth】","2026-04-27T21:25:38Z","https://i.ytimg.com/vi/8MJ9hUry9FE/maxresdefault.jpg","false"
"8e081Vaik-4","It's a hunt!! A hunt for ...KEYS!🔑✨【Blue Prince】","2026-05-12T22:27:23Z","https://i.ytimg.com/vi/8e081Vaik-4/maxresdefault.jpg","false"
"91MycWO51e4","It's Dark Souls time!✨ Bring on the enemies!!【Dark Souls 2】First time playing!✨","2026-06-04T21:41:28Z","https://i.ytimg.com/vi/91MycWO51e4/maxresdefault.jpg","false"
"9B8ZViX9BfU","Farming time!✨🌽Cooking today~? Or actually ...talking to people?!【Minecraft - VSMP 2: Farm Life】","2026-02-08T22:48:29Z","https://i.ytimg.com/vi/9B8ZViX9BfU/maxresdefault.jpg","false"
"9IAdfBU0DyE","First time playing~✨There's a main story?!【Dark Souls 2】Blind Playthrough","2026-03-03T23:04:58Z","https://i.ytimg.com/vi/9IAdfBU0DyE/maxresdefault.jpg","false"
"9VBEKyXN8Hg","Let's Go! Playing Galaxy For The Very First Time!✨🌌【Super Mario Galaxy - Switch 2】","2025-09-16T21:57:43Z","https://i.ytimg.com/vi/9VBEKyXN8Hg/maxresdefault.jpg","false"
"9lQEkQHUaLc","Never underestimate a good stick! IT'S MINE!!","2026-04-07T14:00:23Z","https://i.ytimg.com/vi/9lQEkQHUaLc/maxresdefault.jpg","false"
"A-3jLReIooE","The Greatest Adventure continues!✨【Pokémon Mystery Dungeon: Explorers of Sky】","2026-05-02T21:51:27Z","https://i.ytimg.com/vi/A-3jLReIooE/maxresdefault.jpg","false"
"A4rLacEmAf8","Zoku Zoku / Phantom Siita （Cover）","2026-02-24T22:00:06Z","https://i.ytimg.com/vi/A4rLacEmAf8/maxresdefault.jpg","false"
"AH39fXlSFhg","The Blue ...Doors?! 🦆🔍Doing some real Detective work today!【Blue Prince】","2026-06-19T23:13:14Z","https://i.ytimg.com/vi/AH39fXlSFhg/maxresdefault.jpg","false"
"AWcFSYVBCX0","VTuber Q&A... in our NATIVE LANGUAGE?!✨【Norwegian & Swedish Q&A!】","2026-08-02T18:14:15Z","https://i.ytimg.com/vi/AWcFSYVBCX0/maxresdefault.jpg","false"
"AXQKDqzrVmI","【DEBUT】 Your mischievous Lady Detective is a Duck?!🦆 | #GlitchStars #Aerunia","2026-01-10T21:56:04Z","https://i.ytimg.com/vi/AXQKDqzrVmI/maxresdefault.jpg","false"
"AZlQqBfgX8o","One Piece Booster Box Unboxing!✨ Please Let Me Have The Cute Cards!【Handcam】& Mesmerizing Crochet!🧶","2025-10-06T20:41:50Z","https://i.ytimg.com/vi/AZlQqBfgX8o/maxresdefault.jpg","false"
"AgfhRttptEE","How did I get my mining job?","2025-08-09T10:00:16Z","https://i.ytimg.com/vi/AgfhRttptEE/maxresdefault.jpg","false"
"Ahkx1C0v1LQ","Drawing Pokémon from Memory BATTLE💥 All 1025 Pokémon Randomized!","2026-03-04T22:21:33Z","https://i.ytimg.com/vi/Ahkx1C0v1LQ/maxresdefault.jpg","false"
"Alu7Su_76QQ","Mario Party Maximum Chaos! With Super Cuties~✨【SUPER MARIO PARTY JAMBOREE】","2025-08-03T20:12:50Z","https://i.ytimg.com/vi/Alu7Su_76QQ/maxresdefault.jpg","false"
"ApfswvfOvIk","Top 10 Fantasy & Sci-Fi Books!📖 As decided by your local duck detective VTuber!🦆✨","2026-04-23T19:25:37Z","https://i.ytimg.com/vi/ApfswvfOvIk/maxresdefault.jpg","false"
"AuQK3UfuNa4","Building my very First Dinosaur Park!🦕【Jurassic World Evolution 3】First time playing✨","2026-06-18T21:41:00Z","https://i.ytimg.com/vi/AuQK3UfuNa4/maxresdefault.jpg","false"
"AxQ4PSlf4V8","What happens when you turn into zoo animals?","2026-05-20T12:00:12Z","https://i.ytimg.com/vi/AxQ4PSlf4V8/maxresdefault.jpg","false"
"AzOjBUE6Hdc","Watching a SUPER Cute VTuber Debut!【WATCHALONG】","2025-10-04T23:30:24Z","https://i.ytimg.com/vi/AzOjBUE6Hdc/maxresdefault.jpg","false"
"B76TplX05Eg","Cute Lolita Clothes?!💖✨ Comfy Valentine's chatting time!【Member's Stream】","2026-02-09T23:41:52Z","https://i.ytimg.com/vi/B76TplX05Eg/maxresdefault.jpg","true"
"B9RGe6nfCSM","60.000 Subscriber Celebration Party!🥳🎉Singing!【歌枠 - Karaoke Celebration!】","2025-10-08T19:44:26Z","https://i.ytimg.com/vi/B9RGe6nfCSM/maxresdefault.jpg","false"
"BEhPwjcqJf0","Exploring the new world!! And Epic Pal COMBAT!✨【Palworld】18 VTuber Palworld server💖","2026-07-14T22:54:50Z","https://i.ytimg.com/vi/BEhPwjcqJf0/maxresdefault.jpg","false"
"BHWlNmQN808","Palworld 1.0 is here!✨It's the start of a Great Adventure!【Palworld】18 VTuber Palworld server💖","2026-07-11T20:47:13Z","https://i.ytimg.com/vi/BHWlNmQN808/maxresdefault.jpg","false"
"BKwIBwTxLrw","Let's React to the The Summer Game Fest 2026!【WATCHALONG】Official Co-Stream","2026-06-05T23:31:54Z","https://i.ytimg.com/vi/BKwIBwTxLrw/maxresdefault.jpg","false"
"BLOwcMyZ2rE","When hamsters are dancing on your food...!!","2026-04-01T14:00:22Z","https://i.ytimg.com/vi/BLOwcMyZ2rE/maxresdefault.jpg","false"
"BU0jARfwOAU","I'm sick... so let's chat!🥺","2026-06-23T18:35:08Z","https://i.ytimg.com/vi/BU0jARfwOAU/maxresdefault.jpg","false"
"BfguNI54BL4","QUA!! It's me...! I'm all the zoo animals!🦆【MyVoiceZoo】","2026-04-04T19:50:18Z","https://i.ytimg.com/vi/BfguNI54BL4/maxresdefault.jpg","false"
"BjNfoeSAZMI","Unboxing Reverse: 1999 Cards ...they look amazing?!✨& Cozy Knitting🧶【Handcam】","2026-02-03T21:29:06Z","https://i.ytimg.com/vi/BjNfoeSAZMI/maxresdefault.jpg","false"
"BybS7DfOtLY","YOU SAW NOTHING!!!","2026-08-11T14:30:32Z","https://i.ytimg.com/vi/BybS7DfOtLY/maxresdefault.jpg","false"
"C4CvU7uqD4I","Umamusume! But... it's cards?!✨ Unboxing Amazingly Cute Horse Girl Cards!【Handcam】","2025-08-04T21:30:07Z","https://i.ytimg.com/vi/C4CvU7uqD4I/maxresdefault.jpg","false"
"CDHnUVkSpOo","Let's React to the XBOX Games Showcase!【WATCHALONG】7th June 2026✨","2026-06-07T18:55:40Z","https://i.ytimg.com/vi/CDHnUVkSpOo/maxresdefault.jpg","false"
"COCyC5w9Ul8","Watching Back to the Future for the First Time!✨【WATCHALONG】","2026-02-22T00:21:08Z","https://i.ytimg.com/vi/COCyC5w9Ul8/maxresdefault.jpg","false"
"CQhSl1o1xdE","Hunting down Salmon!!🐟✨【Splatoon Raiders】Completely Blind Playthrough","2026-07-24T20:59:31Z","https://i.ytimg.com/vi/CQhSl1o1xdE/maxresdefault.jpg","false"
"CR8pympG8wQ","Cute Anime Girls booster box opening!💕Kadokawa Sneaker Bunko vol.2【Handcam】& Cozy Knitting🧶","2026-08-03T20:15:05Z","https://i.ytimg.com/vi/CR8pympG8wQ/maxresdefault.jpg","false"
"CTwCj0N-u9g","Chatting~ And then Map Making!🪶✨Trying to draft the Discworld Map!【Wonderdraft】","2026-06-11T20:54:07Z","https://i.ytimg.com/vi/CTwCj0N-u9g/maxresdefault.jpg","false"
"CXSzdAU_cvw","First Time Playing this Absolutely Amazing Game!✨【Clair Obscur: Expedition 33】Blind Playthrough!","2025-12-08T00:21:12Z","https://i.ytimg.com/vi/CXSzdAU_cvw/maxresdefault.jpg","false"
"CZIBhM8g7wg","Reacting to Dark Souls lore✨ And other cozy chatting!","2026-01-01T22:07:32Z","https://i.ytimg.com/vi/CZIBhM8g7wg/maxresdefault.jpg","false"
"C_wkMo3QGEQ","NIKKE Cards?! 😳Opening Gorgeous Girl Cards!【Handcam】& Mesmerizing Crochet!🧶","2025-10-27T21:29:25Z","https://i.ytimg.com/vi/C_wkMo3QGEQ/maxresdefault.jpg","false"
"CdkzsGxXYDc","It's Time For The Cutest Mario Game Of All Time!✨【Captain Toad Treasure Tracker - Switch 2】","2025-09-26T21:10:02Z","https://i.ytimg.com/vi/CdkzsGxXYDc/maxresdefault.jpg","false"
"Cir3lNHWH2k","Please No Mimics!!😱 【Wuchang: Fallen Feathers】 Blind Playthrough","2025-08-08T21:48:09Z","https://i.ytimg.com/vi/Cir3lNHWH2k/maxresdefault.jpg","false"
"CladFNRStwM","Cardfight!! Vanguard Booster Box Opening!✨ & Cozy Knitting🧶💛【Handcam】","2026-05-18T20:02:25Z","https://i.ytimg.com/vi/CladFNRStwM/maxresdefault.jpg","false"
"CpvxkiPaAyQ","I swear I'm northern Norwegian!!","2026-06-15T12:00:10Z","https://i.ytimg.com/vi/CpvxkiPaAyQ/maxresdefault.jpg","false"
"Cu1BTCtkkg0","Kanna Has some Reservations about her pronunciation of Reverberations!","2026-04-11T14:00:30Z","https://i.ytimg.com/vi/Cu1BTCtkkg0/maxresdefault.jpg","false"
"CyH0ij373Ew","First Time Playing!✨Trying to Beat the Game in One Week! 【Satisfactory】The Grand Finale!","2025-12-01T00:59:52Z","https://i.ytimg.com/vi/CyH0ij373Ew/maxresdefault.jpg","false"
"D3VwlSHJqHI","Minecraft Garden Decoration!! Extreme Serotonin","2026-03-11T15:30:16Z","https://i.ytimg.com/vi/D3VwlSHJqHI/maxresdefault.jpg","false"
"DDMh3FTUAGA","First Time Duck Bodycam Stream✨🦆【Member's Stream】","2025-04-17T21:58:35Z","https://i.ytimg.com/vi/DDMh3FTUAGA/maxresdefault.jpg","true"
"DSGmITPecrI","Amazing Umamusume x Shadowverse Cards!","2025-12-26T15:00:31Z","https://i.ytimg.com/vi/DSGmITPecrI/maxresdefault.jpg","false"
"DYgfdKWPBtc","There's NIGHTMARE Mode?!😱 Cleaning Up Crimes!🧼🫧 【CRIME SCENE CLEANER】","2025-08-07T21:04:01Z","https://i.ytimg.com/vi/DYgfdKWPBtc/maxresdefault.jpg","false"
"Dal5XS8UtVI","It's been a week of Palworld 1.0!✨How did it go?!【Palworld】18 VTuber Palworld server","2026-07-18T20:51:32Z","https://i.ytimg.com/vi/Dal5XS8UtVI/maxresdefault.jpg","false"
"Ddg34mwIcBI","Opening a MTG Hobbit Bundle!✨【Handcam】& Cozy Knitting","2026-08-17T20:25:14Z","https://i.ytimg.com/vi/Ddg34mwIcBI/maxresdefault.jpg","false"
"DgthqQZan5U","Do I Just Press Buttons?! First Time Playing~【Stanley Parable】Blind Playthrough!","2026-01-15T21:48:43Z","https://i.ytimg.com/vi/DgthqQZan5U/maxresdefault.jpg","false"
"DlUc5_vkkhQ","Completely Blind Playthrough! - Part 1✨【Hollow Knight: Silksong】","2025-09-04T22:35:36Z","https://i.ytimg.com/vi/DlUc5_vkkhQ/maxresdefault.jpg","false"
"DmxxHmmxstU","Let the Ratchet & Clank Adventure being!【Ratchet & Clank - 2002】The PlayStation 2 era is back!!","2026-05-30T21:28:52Z","https://i.ytimg.com/vi/DmxxHmmxstU/maxresdefault.jpg","false"
"E2vmA8bgBNg","The Hawaii incident","2026-06-01T12:00:01Z","https://i.ytimg.com/vi/E2vmA8bgBNg/maxresdefault.jpg","false"
"EB5LMErFGEs","Pokopia Cuteness~ Recruiting all the Pokémon!✨【Pokémon Pokopia】","2026-03-15T22:27:03Z","https://i.ytimg.com/vi/EB5LMErFGEs/maxresdefault.jpg","false"
"ECUWYib2Exk","Absolutely LOVING this game!【Core Keeper】First time playing!✨","2026-03-26T23:38:55Z","https://i.ytimg.com/vi/ECUWYib2Exk/maxresdefault.jpg","false"
"EDJ0ZJgTeEU","Opening the CUTEST Cards Ever!✨How many Cute Girls can we get?!【Handcam】& Cozy Knitting🧶","2026-02-23T21:38:58Z","https://i.ytimg.com/vi/EDJ0ZJgTeEU/maxresdefault.jpg","false"
"EI1HD7qewi8","Duck Stream!🦆 What Will I Do Today~?","2025-10-11T19:49:43Z","https://i.ytimg.com/vi/EI1HD7qewi8/maxresdefault.jpg","false"
"ERLc_Fk5IyA","Talking about everything that happened the last two days!✨","2026-08-19T00:22:30Z","https://i.ytimg.com/vi/ERLc_Fk5IyA/maxresdefault_live.jpg","false"
"ETBq2wm6Diw","【NEW OUTFIT REVEAL】New Clothes! New hairstyle?!✨And exciting surprises!!🦆","2026-01-31T19:47:29Z","https://i.ytimg.com/vi/ETBq2wm6Diw/maxresdefault.jpg","false"
"EgZ7W_meQfo","Digimon Booster Box Opening✨ Let's get some Cool Cards!!【Handcam】& Cozy Knitting🧶","2026-02-16T22:02:29Z","https://i.ytimg.com/vi/EgZ7W_meQfo/maxresdefault.jpg","false"
"EhrijGWAW7s","Let's React to the Xbox Developer Direct!【WATCHALONG】w/Fable 4 & Beast of Reincarnation news!","2026-01-22T19:59:04Z","https://i.ytimg.com/vi/EhrijGWAW7s/maxresdefault.jpg","false"
"Ep-PTdDzJ8I","Leave me alone sir!!","2025-09-17T10:00:26Z","https://i.ytimg.com/vi/Ep-PTdDzJ8I/maxresdefault.jpg","false"
"EyyQQpZLJv8","Farming time!✨🌽Life at the Farm is Hard...😱 【Minecraft - VSMP 2: Farm Life】","2026-02-13T22:48:45Z","https://i.ytimg.com/vi/EyyQQpZLJv8/maxresdefault.jpg","false"
"EzIvN4BgcuQ","I bought 400 Magic the Gathering singles!! Let's unbox them✨【Handcam】& cozy knitting!🧶","2026-04-28T20:51:56Z","https://i.ytimg.com/vi/EzIvN4BgcuQ/maxresdefault.jpg","false"
"FNood9TGD5c","New Gorgeous Souls Game!✨Can I Beat The Bosses?!【Wuchang: Fallen Feathers】 Blind Playthrough","2025-08-13T22:01:31Z","https://i.ytimg.com/vi/FNood9TGD5c/maxresdefault.jpg","false"
"FQvdqI1uaOI","Cozy Co-Working w/Kamos!💛🦆【Member's Stream】","2025-10-20T02:02:50Z","https://i.ytimg.com/vi/FQvdqI1uaOI/maxresdefault.jpg","true"
"FVCP_QmsS10","Super Mario Galaxy is REALLY hard ok!?!😭😆","2026-07-30T14:30:20Z","https://i.ytimg.com/vi/FVCP_QmsS10/maxresdefault.jpg","false"
"Fg3tJcy2M30","Schedule & Free Chat💛🦆","2025-09-09T10:38:31Z","https://i.ytimg.com/vi/Fg3tJcy2M30/maxresdefault_live.jpg","false"
"FpkEGMnRQhU","Let me Clean for you😘💓【Crime Scene Cleaner】","2026-06-28T20:43:45Z","https://i.ytimg.com/vi/FpkEGMnRQhU/maxresdefault.jpg","false"
"FqU_Hf2A9Xc","First Time Playing!✨Trying to Beat the Game in One Week! 【Satisfactory】","2025-11-27T22:15:35Z","https://i.ytimg.com/vi/FqU_Hf2A9Xc/maxresdefault.jpg","false"
"Fv7n5j0r3oU","Completely Blind Playthrough!✨Will I survive the Horrors?!【Resident Evil Requiem】","2026-02-28T23:15:24Z","https://i.ytimg.com/vi/Fv7n5j0r3oU/maxresdefault.jpg","false"
"Fy0k6fVCm6g","Just a little Cozy Chatting time💛","2026-07-21T19:13:44Z","https://i.ytimg.com/vi/Fy0k6fVCm6g/maxresdefault.jpg","false"
"G6K2Xi_xnHE","First Time Playing!✨Trying to Beat the Game in One Week! 【Satisfactory】","2025-11-28T23:55:01Z","https://i.ytimg.com/vi/G6K2Xi_xnHE/maxresdefault.jpg","false"
"G8qeFruAR5A","Early Day Chatting! & Maybe Gaming!","2025-08-19T13:19:07Z","https://i.ytimg.com/vi/G8qeFruAR5A/maxresdefault.jpg","false"
"GUs3dDo4Ev8","Cozy co-working with my sweet kamos!💛🦆","2025-08-22T22:36:40Z","https://i.ytimg.com/vi/GUs3dDo4Ev8/maxresdefault.jpg","true"
"GWqubRcsm-0","Going into Deep Waters?!😱Please don't eat me!!【Subnautica 2】Blind playthrough!","2026-05-16T20:46:29Z","https://i.ytimg.com/vi/GWqubRcsm-0/maxresdefault.jpg","false"
"Gi5N_bksxqg","Can I Survive This Ninja Game?!😱【Ninja Gaiden 4】Blind Playthrough!","2025-11-01T21:28:07Z","https://i.ytimg.com/vi/Gi5N_bksxqg/maxresdefault.jpg","false"
"Grc-BNB0bGg","The Full Game Has Finally Released🎉 Let's Start The Slime Ranching Life!【Slime Rancher 2】","2025-09-24T20:54:05Z","https://i.ytimg.com/vi/Grc-BNB0bGg/maxresdefault.jpg","false"
"GtkFK3UQgP8","It's time to start an amazing Space Adventure!✨【Ratchet & Clank 2: Going Commando】","2026-06-26T21:36:25Z","https://i.ytimg.com/vi/GtkFK3UQgP8/maxresdefault.jpg","false"
"Gw8r3CsHb5U","Exploring The Unknown!✨Blind Playthrough 【Hollow Knight: Silksong】","2025-09-05T20:56:50Z","https://i.ytimg.com/vi/Gw8r3CsHb5U/maxresdefault.jpg","false"
"GxsopTuoI84","Extreme Ninja Adventures!✨【Ninja Gaiden 4】Blind Playthrough!","2025-10-22T22:02:09Z","https://i.ytimg.com/vi/GxsopTuoI84/maxresdefault.jpg","false"
"H2Nuz3kqeDU","Detective Watching A Detective Movie!【Sherlock 2009 - Watchalong】","2025-08-17T00:10:28Z","https://i.ytimg.com/vi/H2Nuz3kqeDU/maxresdefault.jpg","false"
"HACKSZTxR_c","I can't stop the FASHION!✨Absolutely gorgeous sci-fi action time~!【Stellar Blade】","2026-05-24T00:35:42Z","https://i.ytimg.com/vi/HACKSZTxR_c/maxresdefault.jpg","false"
"HX_dR5PuCN8","Co-working, Cause I'm Dying From The Heat!✨💛【Member's Stream】","2025-07-30T08:23:06Z","https://i.ytimg.com/vi/HX_dR5PuCN8/maxresdefault.jpg","true"
"H_Il8Ro61Y8","First Time Playing this Absolutely Amazing Game!✨【Clair Obscur: Expedition 33】Blind Playthrough!","2025-11-19T00:03:05Z","https://i.ytimg.com/vi/H_Il8Ro61Y8/maxresdefault.jpg","false"
"HcfEIwj8kdU","Playing Undertale unspoiled in 2026!✨Let's start the game!【Undertale】Blind Playthrough!","2026-01-14T21:48:23Z","https://i.ytimg.com/vi/HcfEIwj8kdU/maxresdefault.jpg","false"
"Ho4SR3YWWHk","Let's React to the Xbox Partner Preview【WATCHALONG】26th March 2026✨","2026-03-26T18:17:07Z","https://i.ytimg.com/vi/Ho4SR3YWWHk/maxresdefault.jpg","false"
"HzVA8cMMuIw","First time playing!✨【Core Keeper】9 beginners trying to beat the game in one week!😤","2026-03-25T23:46:23Z","https://i.ytimg.com/vi/HzVA8cMMuIw/maxresdefault.jpg","false"
"I8uogrWchUY","Climbing to the top Together!🗻In the final big Peak Update【PEAK: The Final Ascent】","2026-08-12T21:07:53Z","https://i.ytimg.com/vi/I8uogrWchUY/maxresdefault.jpg","false"
"IJhiqCtSDKc","Adventuring in the new world!! And finding new PALS!✨【Palworld】18 VTuber Palworld server💖","2026-07-13T22:35:47Z","https://i.ytimg.com/vi/IJhiqCtSDKc/maxresdefault.jpg","false"
"IOFZGO4wH7E","Cozy chatting & return of the Elf Dress!✨🌿【Members Stream】","2026-05-30T13:04:23Z","https://i.ytimg.com/vi/IOFZGO4wH7E/maxresdefault.jpg","true"
"IfnaNtsyVYg","Look at my new 3D model!","2026-07-22T14:30:19Z","https://i.ytimg.com/vi/IfnaNtsyVYg/maxresdefault.jpg","false"
"IjWLWtX90VU","Cute Girls Fighting Bugs For Super Earth!✨ Into the Unjust Deep Dive Update!【Helldivers 2】","2025-09-03T20:08:37Z","https://i.ytimg.com/vi/IjWLWtX90VU/maxresdefault.jpg","false"
"IsEVgzQsfpk","Cosplay Members Bodycam! Victorian Nightdress Edition💛🦆【Member's Stream】","2025-09-09T23:48:07Z","https://i.ytimg.com/vi/IsEVgzQsfpk/maxresdefault.jpg","true"
"ItnzJ-UzDA8","Pajama Cuteness & Cozy Chatting!💛🦆【Member's Stream】","2025-11-14T23:25:38Z","https://i.ytimg.com/vi/ItnzJ-UzDA8/maxresdefault.jpg","true"
"JBdhajj-buU","I Have A GIANT Sword Now!✨Time to Hunt Down More Samurai!【Ghost of Yōtei】Blind Playthrough!","2025-10-12T21:36:30Z","https://i.ytimg.com/vi/JBdhajj-buU/maxresdefault.jpg","false"
"JGUx7iYygW0","Perfectly Cut Scream - Resident Evil Veronica Style","2026-08-13T14:30:25Z","https://i.ytimg.com/vi/JGUx7iYygW0/maxresdefault.jpg","false"
"JOjhgNYl-B8","Handstand gone wrong, VTuber edition","2026-07-17T14:30:31Z","https://i.ytimg.com/vi/JOjhgNYl-B8/maxresdefault.jpg","false"
"JSXk4dIP5pk","What happens when beginners fight bosses?","2026-05-16T12:00:38Z","https://i.ytimg.com/vi/JSXk4dIP5pk/maxresdefault.jpg","false"
"JUOlsITDi0k","Gunpla Building!🛠️✨The Amazing Shin Musha Gundam!!【Handcam】","2025-12-15T21:11:17Z","https://i.ytimg.com/vi/JUOlsITDi0k/maxresdefault.jpg","false"
"JfauJjThhQ4","Come chat with me!💖 I'm just want to hang out with you~!","2026-06-06T22:42:25Z","https://i.ytimg.com/vi/JfauJjThhQ4/maxresdefault.jpg","false"
"Jz3MNh1njNQ","Everything is SO CUTE!✨【Pokémon Mystery Dungeon: Explorers of Sky】","2026-04-21T21:49:17Z","https://i.ytimg.com/vi/Jz3MNh1njNQ/maxresdefault.jpg","false"
"K1-hK6HzpDQ","Opening One Piece EB03 Booster Boxes!✨The Cute Girls ONLY Set!!【Handcam】& Cozy Knitting!🧶","2025-11-10T21:35:29Z","https://i.ytimg.com/vi/K1-hK6HzpDQ/maxresdefault.jpg","false"
"K3U2RsDui1Q","Auto translate hates my name!!😱","2026-08-15T14:30:07Z","https://i.ytimg.com/vi/K3U2RsDui1Q/maxresdefault.jpg","false"
"K8p8STsR3b8","Hi~ I Missed You!✨ So Let's Have Some Fun!!","2025-10-29T23:31:06Z","https://i.ytimg.com/vi/K8p8STsR3b8/maxresdefault.jpg","false"
"KEndfPsv9X8","The Great Minecraft Farming Adventure Begins!✨🌽【Minecraft - VSMP 2: Farm Life】","2026-02-01T23:00:53Z","https://i.ytimg.com/vi/KEndfPsv9X8/maxresdefault.jpg","false"
"KF4Wr_CtrQM","First time playing~ I am zen ...totally!!😬【Dark Souls 2】Blind Playthrough","2026-01-20T23:33:04Z","https://i.ytimg.com/vi/KF4Wr_CtrQM/maxresdefault.jpg","false"
"KFmZa7O7tSk","Let's React to the Playstation State of Play!【WATCHALONG】12th Feb 2026✨","2026-02-13T00:42:24Z","https://i.ytimg.com/vi/KFmZa7O7tSk/maxresdefault.jpg","false"
"KOzTRRl9BhY","Unboxing DanDaDan Cards & Figures!✨Booster Box Opening & Cozy Knitting🧶【Handcam】","2026-01-26T21:11:37Z","https://i.ytimg.com/vi/KOzTRRl9BhY/maxresdefault.jpg","false"
"Km040qKQRvs","Duck VTuber Debut Highlights","2026-01-21T15:30:16Z","https://i.ytimg.com/vi/Km040qKQRvs/maxresdefault.jpg","false"
"L1q9YNJFA_o","Detective Maid reporting for duty!🦆🪶【Blue Prince】And making a Bingo for Mini E3 Week!✨","2026-05-28T22:53:46Z","https://i.ytimg.com/vi/L1q9YNJFA_o/maxresdefault.jpg","false"
"L6Aga2c1P0c","Let's Find Hot Springs?! 😳...I Mean SAMURAI COMBAT!✨!【Ghost of Yōtei】Blind Playthrough!","2025-10-07T22:19:31Z","https://i.ytimg.com/vi/L6Aga2c1P0c/maxresdefault.jpg","false"
"LDVSP_ukjbA","Playing a Lego Game from almost 30 Years Ago!🤩【Lego Loco】","2025-12-04T21:07:26Z","https://i.ytimg.com/vi/LDVSP_ukjbA/maxresdefault.jpg","false"
"LPSgGK5T8ZA","Bird Souls Gaming Time!✨🦆【Wuchang: Fallen Feathers】 Blind Playthrough","2025-08-22T21:20:00Z","https://i.ytimg.com/vi/LPSgGK5T8ZA/maxresdefault.jpg","false"
"LXFqPSM-6dk","Don't learn Norwegian... your brain will hurt","2026-06-11T12:00:04Z","https://i.ytimg.com/vi/LXFqPSM-6dk/maxresdefault.jpg","false"
"LZUmW5ztNcE","Building an X-Wing model kit!✨ May the Force be with you!【Handcam】","2026-05-04T21:17:14Z","https://i.ytimg.com/vi/LZUmW5ztNcE/maxresdefault.jpg","false"
"LZb2q-BYCOI","Little frog takes the longest journey of it's life!","2026-08-17T14:30:20Z","https://i.ytimg.com/vi/LZb2q-BYCOI/maxresdefault.jpg","false"
"Lhi0ga7alv0","My duck tail wagging to the music!🦆✨【3D Karaoke】Duck girl singing for you~🎶歌枠","2026-07-10T19:48:21Z","https://i.ytimg.com/vi/Lhi0ga7alv0/maxresdefault.jpg","false"
"LpDK5fCs76M","Mario Kart Summer Madness!!🏎️✨ 70+ VTuber Tournament!【Mario Kart 8 Deluxe】","2025-08-30T22:16:47Z","https://i.ytimg.com/vi/LpDK5fCs76M/maxresdefault.jpg","false"
"Lq_ZLdHBVlc","Building a cute farmhouse!✨🌽【Minecraft - VSMP 2: Farm Life】","2026-02-05T22:26:40Z","https://i.ytimg.com/vi/Lq_ZLdHBVlc/maxresdefault.jpg","false"
"Lu46HywEM0s","Why am I doing this live?!","2026-05-22T12:00:25Z","https://i.ytimg.com/vi/Lu46HywEM0s/maxresdefault.jpg","false"
"M-PxplL5B_A","First Time Playing this Absolutely Amazing Game!✨【Clair Obscur: Expedition 33】Blind Playthrough!","2025-12-06T23:21:20Z","https://i.ytimg.com/vi/M-PxplL5B_A/maxresdefault.jpg","false"
"M1tWc068opw","4 Year Anniversary Karaoke!💖🎉 Let me entertain you!","2026-06-13T20:08:43Z","https://i.ytimg.com/vi/M1tWc068opw/maxresdefault.jpg","false"
"M5MNjYHrvhk","New Grand Archive Set MEGA Opening!✨ It's time for Phantom Monarchs!【Handcam】& Cozy Knitting🧶💛","2025-12-08T21:59:42Z","https://i.ytimg.com/vi/M5MNjYHrvhk/maxresdefault.jpg","false"
"MTNOIIcBiQ4","NORWAY vs ENGLAND QUARTERFINALS!✨【3D WATCHALONG】RO! RO!! I BELIEVE IN MY COUNTRY!","2026-07-12T00:10:23Z","https://i.ytimg.com/vi/MTNOIIcBiQ4/maxresdefault.jpg","false"
"MUgNc8UGhpE","Very First Time Playing Satisfactory!✨Trying to Beat the Game in One Week! 【Satisfactory】","2025-11-24T22:19:01Z","https://i.ytimg.com/vi/MUgNc8UGhpE/maxresdefault.jpg","false"
"MWka_SeiBy8","15 girls?! Who will be the Imposter?🤨Surely it won't be me!😈【Among Us】","2026-06-28T00:29:05Z","https://i.ytimg.com/vi/MWka_SeiBy8/maxresdefault.jpg","false"
"McDhz_R1Sp0","Playing Reverse: 1999 For The First Time!✨ Let A New Adventure Begin!【Reverse: 1999】","2025-08-14T21:39:46Z","https://i.ytimg.com/vi/McDhz_R1Sp0/maxresdefault.jpg","false"
"McqG11w17HA","What are we doing on the Farm today?!✨🌽【Minecraft - VSMP 2: Farm Life】","2026-02-06T22:14:40Z","https://i.ytimg.com/vi/McqG11w17HA/maxresdefault.jpg","false"
"MdzronnROY8","First Time Playing this Absolutely Amazing Game!✨【Clair Obscur: Expedition 33】Blind Playthrough!","2026-01-04T23:36:21Z","https://i.ytimg.com/vi/MdzronnROY8/maxresdefault.jpg","false"
"N0ru8ujhgrk","Let the Adventure Begin!✨【Pokémon Pokopia】 Completely Blind Playthrough!","2026-03-05T23:49:02Z","https://i.ytimg.com/vi/N0ru8ujhgrk/maxresdefault.jpg","false"
"NHHSd8s2ejA","We're lost in a scary place!! HELP!😱【R.E.P.O.】","2026-06-27T20:40:22Z","https://i.ytimg.com/vi/NHHSd8s2ejA/maxresdefault.jpg","false"
"NHYDuQ1BdEA","Duck Detective ready to find all your Lost Stuff!🦆🔍【Lost and Found Co.】","2026-03-22T21:16:22Z","https://i.ytimg.com/vi/NHYDuQ1BdEA/maxresdefault.jpg","false"
"NKX-TEBtzaw","Let the Brand New Adventure Begin!✨【Subnautica 2】Blind playthrough!","2026-05-15T22:25:32Z","https://i.ytimg.com/vi/NKX-TEBtzaw/maxresdefault.jpg","false"
"NKkLolE9zvo","First Time Playing Let's Go!✨【Clair Obscur: Expedition 33】Blind Playthrough!","2025-11-07T23:53:56Z","https://i.ytimg.com/vi/NKkLolE9zvo/maxresdefault.jpg","false"
"NKp2Bk0mcY8","Pokémon Booster Box Opening!✨ Chasing Mega Evolutions!!【Handcam】& Cozy Knitting🧶","2026-03-02T21:45:25Z","https://i.ytimg.com/vi/NKp2Bk0mcY8/maxresdefault.jpg","false"
"NOyeuZ6xJ9w","First time playing!✨Stabbing my spear into the enemies~【Dark Souls 2】Blind Playthrough","2026-04-14T22:29:26Z","https://i.ytimg.com/vi/NOyeuZ6xJ9w/maxresdefault.jpg","false"
"NeWjmizYhoM","Cute Elf Dress~ Come Chat With Me Kamos!💛🦆【Member's Stream】","2025-10-08T22:59:49Z","https://i.ytimg.com/vi/NeWjmizYhoM/maxresdefault.jpg","true"
"NfseRukMOn4","Watching a 50 year old Christmas movie!✨【WATCHALONG】Three wishes for Cinderella!","2025-12-24T19:53:05Z","https://i.ytimg.com/vi/NfseRukMOn4/maxresdefault.jpg","false"
"OKh5tPUXXlI","The INHUMANITY!! Why is it always...","2025-09-19T10:00:57Z","https://i.ytimg.com/vi/OKh5tPUXXlI/maxresdefault.jpg","false"
"ON9gGqJwELM","Co-working with my cute Kamomos~🦆🐤✨","2026-06-11T00:38:21Z","https://i.ytimg.com/vi/ON9gGqJwELM/maxresdefault.jpg","true"
"OjU73XLqLNg","Life at the Farm is Tough!✨🌽【Minecraft - VSMP 2: Farm Life】","2026-02-02T22:15:24Z","https://i.ytimg.com/vi/OjU73XLqLNg/maxresdefault.jpg","false"
"Ovn0__ukt1M","Conquering the Realm through Turn-Based Strategy!✨【Heroes of Might & Magic: Olden Era】","2026-05-01T23:32:19Z","https://i.ytimg.com/vi/Ovn0__ukt1M/maxresdefault.jpg","false"
"P-EbLNDO19w","Lady Detective at your Service!🔍🦆I'll Solve the Mystery for you!【Blue Prince】","2026-05-19T22:00:41Z","https://i.ytimg.com/vi/P-EbLNDO19w/maxresdefault.jpg","false"
"P-ZV-CV3HsY","Opening The Newest Pokémon Booster Boxes!✨【Handcam】& Mesmerizing Crochet!🧶","2025-09-22T20:40:22Z","https://i.ytimg.com/vi/P-ZV-CV3HsY/maxresdefault.jpg","false"
"P3bRM8Whttw","Gacha Wheel Retro Karaoke!✨What Happens when you let Gacha decide ALL the Songs?!【歌枠 | Karaoke】","2025-12-05T20:51:19Z","https://i.ytimg.com/vi/P3bRM8Whttw/maxresdefault.jpg","false"
"PD6mdGLdbtk","First Time Playing a Ninja Gaiden Game!✨【Ninja Gaiden 4】Blind Playthrough!","2025-10-21T21:51:32Z","https://i.ytimg.com/vi/PD6mdGLdbtk/maxresdefault.jpg","false"
"PIAIqT32Jmo","Opening Core Keeper merch!✨【Handcam】& Unboxing amazing One Piece cards!⚓","2026-03-30T19:45:51Z","https://i.ytimg.com/vi/PIAIqT32Jmo/maxresdefault.jpg","false"
"PIT9lIapyWc","Cartoons are totally not scary! ...right?!😨【Bendy and the Ink Machine】Blind Playthrough","2026-07-30T21:33:51Z","https://i.ytimg.com/vi/PIT9lIapyWc/maxresdefault.jpg","false"
"PNo8ZmU448s","There's ...Moomin Cards?!😍 Booster Box Opening & Cozy Knitting!🧶【Handcam】","2025-12-13T21:19:36Z","https://i.ytimg.com/vi/PNo8ZmU448s/maxresdefault.jpg","false"
"PTGYvj_P-6c","Booster Box Unboxing!✨ Opening Epic Duel Masters Cards!【Handcam】& Mesmerizing Crochet!🧶","2025-10-20T20:57:19Z","https://i.ytimg.com/vi/PTGYvj_P-6c/maxresdefault.jpg","false"
"PUud6Zjv9V0","Christmas Karaoke Party!🎄💝 Let me sing for you~【歌枠 | Karaoke】","2025-12-21T21:40:37Z","https://i.ytimg.com/vi/PUud6Zjv9V0/maxresdefault.jpg","false"
"PWK8-BqX_nA","Let's React to the 60 Minute Nintendo Direct!【WATCHALONG】September 2025","2025-09-12T15:31:04Z","https://i.ytimg.com/vi/PWK8-BqX_nA/maxresdefault.jpg","false"
"QLDKC0dSgV4","Amazing combat & stunning Dresses!😍【Stellar Blade】Blind Playthrough!","2025-12-25T23:14:33Z","https://i.ytimg.com/vi/QLDKC0dSgV4/maxresdefault.jpg","false"
"QUpecwx004M","I'm The Supreme ... WHAT?!","2025-09-09T10:00:42Z","https://i.ytimg.com/vi/QUpecwx004M/maxresdefault.jpg","false"
"QYlDf09X4FE","Chatting & Making Thumbnails~【MEMBERS STREAM】","2024-11-16T18:38:40Z","https://i.ytimg.com/vi/QYlDf09X4FE/maxresdefault.jpg","true"
"QZT7nMVwd3w","They're TOO CUTE!✨ Playing the new Radiant Slime Sanctuary update!【Slime Rancher 2】","2026-04-19T22:45:17Z","https://i.ytimg.com/vi/QZT7nMVwd3w/maxresdefault.jpg","false"
"Qztsqkp2T18","Completely Blind Playthrough!✨Not the Red Flowers!!😱【Silent Hill F】","2025-09-27T23:06:40Z","https://i.ytimg.com/vi/Qztsqkp2T18/maxresdefault.jpg","false"
"R4j_Jv_yJog","Doom Slayer with a ...SPEAR?!🔥Let's Play the DLC 【Doom: Dark Ages  | Revelations】Blind Playthrough!","2026-07-07T22:02:57Z","https://i.ytimg.com/vi/R4j_Jv_yJog/maxresdefault.jpg","false"
"RNf_sfvekA8","Let's React to the PlayStation State of Play!【WATCHALONG】September 2025","2025-09-24T22:17:44Z","https://i.ytimg.com/vi/RNf_sfvekA8/maxresdefault.jpg","false"
"RZENKtxErwM","Time to save the Galaxy!✨【Ratchet & Clank 2: Going Commando】","2026-07-28T20:47:05Z","https://i.ytimg.com/vi/RZENKtxErwM/maxresdefault.jpg","false"
"Rp1r5V8ljko","Must Protect the Cute Bugs!✨...and Also Kill the Evil Ones!【Hollow Knight: Silksong】","2025-09-30T22:39:49Z","https://i.ytimg.com/vi/Rp1r5V8ljko/maxresdefault.jpg","false"
"RvI9AiW121E","Playing HotS in 2026?!✨【Heroes of the Storm】","2026-01-27T23:47:34Z","https://i.ytimg.com/vi/RvI9AiW121E/maxresdefault.jpg","false"
"S1Uei5RI_vs","Pokémon Pack Opening!✨ Booster Boxes & Special Pack Opening!【Handcam】& Cozy Knitting!🧶","2025-11-23T22:29:48Z","https://i.ytimg.com/vi/S1Uei5RI_vs/maxresdefault.jpg","false"
"S2H9L4fR2M8","Opening Anime Figures, BJDs & Blind Boxes✨ 【Handcam】And cute Letters from You!💝","2025-12-22T21:30:49Z","https://i.ytimg.com/vi/S2H9L4fR2M8/maxresdefault.jpg","false"
"S7HaS1wmQpM","Come Rock & Stone with me!✨⛏️【Deep Rock Galactic】Eight Years in Orbit event!","2026-03-14T21:55:31Z","https://i.ytimg.com/vi/S7HaS1wmQpM/maxresdefault.jpg","false"
"SYNSzQg5E2U","Singing sweet Love Songs for you~💖【歌枠 - Valentine's Karaoke】","2026-02-14T20:14:12Z","https://i.ytimg.com/vi/SYNSzQg5E2U/maxresdefault.jpg","false"
"San-Z-b4hMo","The Pokopia Adventure Continues✨【Pokémon Pokopia】 Completely Blind Playthrough!","2026-03-09T22:15:49Z","https://i.ytimg.com/vi/San-Z-b4hMo/maxresdefault.jpg","false"
"ScPlaeCXekc","I have an AXE!! An I'm not afraid to use it!","2025-08-11T10:00:52Z","https://i.ytimg.com/vi/ScPlaeCXekc/maxresdefault.jpg","false"
"SmA-1csFvLs","Amazing VTuber Merch!💖Hololive & more!【Handcam】","2025-09-13T19:58:04Z","https://i.ytimg.com/vi/SmA-1csFvLs/maxresdefault.jpg","false"
"SrncSYNyqaE","Completely Blind Playthrough!✨Please Save Me From The Horror!!😱【Silent Hill F】","2025-09-25T22:11:42Z","https://i.ytimg.com/vi/SrncSYNyqaE/maxresdefault.jpg","false"
"T2BZfhuqU2g","AKAGE Cute Duck VTuber Kanna edition!","2026-07-23T14:30:02Z","https://i.ytimg.com/vi/T2BZfhuqU2g/maxresdefault.jpg","false"
"TJnxTc7HV2Y","Not the goblins!!","2026-05-14T12:00:55Z","https://i.ytimg.com/vi/TJnxTc7HV2Y/maxresdefault.jpg","false"
"TcDCd3tafe4","Have You Heard of Duck Samurai?🦆⚔️【Ghost of Yōtei】Blind Playthrough!","2025-10-05T23:09:40Z","https://i.ytimg.com/vi/TcDCd3tafe4/maxresdefault.jpg","false"
"Trt5BFJPprw","I'm feeling needy~!💖🥺 Come chat with me!","2026-04-24T19:53:54Z","https://i.ytimg.com/vi/Trt5BFJPprw/maxresdefault.jpg","false"
"TuET21EyW2c","You never know when your anime girl is going full Jojo!","2026-03-19T15:30:25Z","https://i.ytimg.com/vi/TuET21EyW2c/maxresdefault.jpg","false"
"U28LzfPEetc","This game is ADORABLE!✨ All my Pokémon dreams come true!【Pokémon Pokopia】","2026-05-05T21:59:27Z","https://i.ytimg.com/vi/U28LzfPEetc/maxresdefault.jpg","false"
"UntTjK17rsY","Don't think about space... you'll have nightmares!","2026-08-01T14:30:19Z","https://i.ytimg.com/vi/UntTjK17rsY/maxresdefault.jpg","false"
"UuIkon904x4","Why is it always  on the ceiling?","2025-09-15T10:00:47Z","https://i.ytimg.com/vi/UuIkon904x4/maxresdefault.jpg","false"
"V3sSL1N0utg","First time playing!✨ 9 beginners trying to survive together!【Core Keeper】","2026-03-24T23:16:39Z","https://i.ytimg.com/vi/V3sSL1N0utg/maxresdefault.jpg","false"
"VOb_1LJWFGk","Unboxing shockingly cute Anime Figures and fun Cards!💖【Handcam】& Cozy Knitting🧶","2026-06-01T20:45:50Z","https://i.ytimg.com/vi/VOb_1LJWFGk/maxresdefault.jpg","false"
"VZxsE7RwDro","It's time for Farming Life! Cute Bouncy Slime Farming!✨【Slime Rancher 2】","2025-11-22T20:42:42Z","https://i.ytimg.com/vi/VZxsE7RwDro/maxresdefault.jpg","false"
"VfcugZvo5i0","The Numbers!?! What do they mean?!!","2026-05-08T22:27:44Z","https://i.ytimg.com/vi/VfcugZvo5i0/maxresdefault.jpg","false"
"ViiAvNu5UDo","First Time Playing this Absolutely Amazing Game!✨【Clair Obscur: Expedition 33】Blind Playthrough!","2025-11-21T00:39:57Z","https://i.ytimg.com/vi/ViiAvNu5UDo/maxresdefault.jpg","false"
"W9vdDKVPe-I","First Time Playing this Absolutely Amazing Game!✨【Clair Obscur: Expedition 33】Blind Playthrough!","2025-12-13T00:01:42Z","https://i.ytimg.com/vi/W9vdDKVPe-I/maxresdefault.jpg","false"
"WBuRIJIUnSw","Singing Fun & Nostalgic Songs for You~!💖【歌枠 | Karaoke - Pass The Mic🎤】","2025-11-14T22:06:46Z","https://i.ytimg.com/vi/WBuRIJIUnSw/maxresdefault.jpg","false"
"WFCuqO0O4rc","I can be Scared AND Fashionable now!😱✨ Hunting down the new R.E.P.O Cosmetics!【R.E.P.O.】","2026-05-17T23:10:41Z","https://i.ytimg.com/vi/WFCuqO0O4rc/maxresdefault.jpg","false"
"WFlxbDrd0i0","Opening A Duel Masters?! Booster Box✨ Unboxing Cards!【Handcam】& Mesmerising Crochet🧶✨","2025-08-11T20:52:43Z","https://i.ytimg.com/vi/WFlxbDrd0i0/maxresdefault.jpg","false"
"WGe-pEBR79c","I have achieved MAXIMUM FLIGHT! To the stars!!","2026-02-14T15:30:17Z","https://i.ytimg.com/vi/WGe-pEBR79c/maxresdefault.jpg","false"
"WKUOsrOz5V4","My Crippling Resident Evil Steroid Addiction!","2026-03-05T15:30:30Z","https://i.ytimg.com/vi/WKUOsrOz5V4/maxresdefault.jpg","false"
"WT8rQPzAtWE","Amazing Level Design And Fashion!✨Are You Ready?!【Wuchang: Fallen Feathers】 Blind Playthrough","2025-08-06T21:01:51Z","https://i.ytimg.com/vi/WT8rQPzAtWE/maxresdefault.jpg","false"
"WvArPiPvMms","Are you ready to finally see ...my duck tail?!🦆✨【3D Debut】","2026-07-05T19:42:20Z","https://i.ytimg.com/vi/WvArPiPvMms/maxresdefault.jpg","false"
"X1T0hry3gZk","My body is in shambles!","2026-05-09T22:34:52Z","https://i.ytimg.com/vi/X1T0hry3gZk/maxresdefault.jpg","false"
"XE9Rvwt2u4Y","Bubbly Basin is HERE!!🌊【Pokémon Pokopia】Blind Playthrough","2026-08-05T22:55:26Z","https://i.ytimg.com/vi/XE9Rvwt2u4Y/maxresdefault.jpg","false"
"XbjUJeq5hLE","First Time Playing this Absolutely Amazing Game!✨【Clair Obscur: Expedition 33】Blind Playthrough!","2025-11-14T21:15:21Z","https://i.ytimg.com/vi/XbjUJeq5hLE/maxresdefault.jpg","false"
"XvCuk-SDuew","Don't you love gaming ragdoll physics?","2026-02-12T15:30:18Z","https://i.ytimg.com/vi/XvCuk-SDuew/maxresdefault.jpg","false"
"YJNkhBGilLY","It's Me~ Your Housekeeper!!💖 Decorating Houses And ...Uncovering Secrets?【Whisper Of The House】","2025-09-03T14:21:17Z","https://i.ytimg.com/vi/YJNkhBGilLY/maxresdefault.jpg","false"
"YPiE0ElFvr8","Come game with me!✨ Playing ARAM w/Viewers【Heroes of the Storm】","2026-04-18T21:48:50Z","https://i.ytimg.com/vi/YPiE0ElFvr8/maxresdefault.jpg","false"
"YR7nb0fE9E0","First time playing~ There's TWO Poison zones?!😱【Dark Souls 2】Blind Playthrough","2026-01-30T22:57:08Z","https://i.ytimg.com/vi/YR7nb0fE9E0/maxresdefault.jpg","false"
"YRN8XfpdEnE","Can I Build A MG Gunpla?🤔 Astray Blue Frame D 【Handcam】","2025-09-02T20:49:59Z","https://i.ytimg.com/vi/YRN8XfpdEnE/maxresdefault.jpg","false"
"YUDf8pNszw8","Claire?! Sherry?!😱 Playing Resident Evil 2 For The First Time!【Resident Evil 2】","2026-02-24T22:15:15Z","https://i.ytimg.com/vi/YUDf8pNszw8/maxresdefault.jpg","false"
"YgahGavDdB4","Ranking ALL the Reverse: 1999 designs!✨","2026-03-21T21:16:58Z","https://i.ytimg.com/vi/YgahGavDdB4/maxresdefault.jpg","false"
"Yld_hufY-I8","Great and Bad Norwegian Food!🍖🐟 Should You Eat it?","2025-10-14T19:01:38Z","https://i.ytimg.com/vi/Yld_hufY-I8/maxresdefault.jpg","false"
"YrhhOdyvnFo","Geography fails","2026-06-05T12:00:00Z","https://i.ytimg.com/vi/YrhhOdyvnFo/maxresdefault.jpg","false"
"ZQ8PeSMAw5M","The Greatest Roller Coaster Planner!✨You can trust me...!!【Roller Coaster Tycoon 2】","2025-12-03T21:24:07Z","https://i.ytimg.com/vi/ZQ8PeSMAw5M/maxresdefault.jpg","false"
"ZVNZlsdKf6o","I'm a Jump Rope Professional!!","2026-03-22T15:30:20Z","https://i.ytimg.com/vi/ZVNZlsdKf6o/maxresdefault.jpg","false"
"Zn4jpUhe3ws","Opening Shadowverse: Evolve Booster Boxes✨ & Cozy Knitting🧶【Handcam】","2026-06-08T20:22:46Z","https://i.ytimg.com/vi/Zn4jpUhe3ws/maxresdefault.jpg","false"
"ZroT9FSfPLs","The Roots Update is Here!✨🌳 Cute Girls Climbing Adventure!【PEAK】","2025-11-05T22:57:55Z","https://i.ytimg.com/vi/ZroT9FSfPLs/maxresdefault.jpg","false"
"Zvync6t6Sa0","Chasing The Umbreon!✨ Opening Pokémon Prismatic Evolutions!【Handcam】& Cozy Chatting💛🦆","2025-08-25T21:22:14Z","https://i.ytimg.com/vi/Zvync6t6Sa0/maxresdefault.jpg","false"
"ZxShc4IwML4","Beautiful dress & cute pajama!💛🦆【Member's Stream】With cozy chatting of course!","2025-12-25T15:25:09Z","https://i.ytimg.com/vi/ZxShc4IwML4/maxresdefault.jpg","true"
"_15mNGfqmB8","I'm Batman!","2025-09-21T10:00:53Z","https://i.ytimg.com/vi/_15mNGfqmB8/maxresdefault.jpg","false"
"_5Kf0qjRUQk","Let Me Clean!✨Totally Wholesome Cleaning ...totally!!【Crime Scene Cleaner】","2025-12-10T22:34:35Z","https://i.ytimg.com/vi/_5Kf0qjRUQk/maxresdefault.jpg","false"
"_Rqzq03zigk","Cozy Knitting🧶💛& opening a Detective Conan booster box!【Handcam】","2026-05-11T20:51:37Z","https://i.ytimg.com/vi/_Rqzq03zigk/maxresdefault.jpg","false"
"_U2Nj7wn9rs","Detective Conan Card Game Unboxing!✨ Can I Pull A Signed Card?!【Handcam】& Cozy Crocheting💛🦆","2025-09-08T22:08:58Z","https://i.ytimg.com/vi/_U2Nj7wn9rs/maxresdefault.jpg","false"
"_dRPZ34vxl0","Cozy Chatting, Co-Working & Relaxing Music!💛🦆","2025-10-08T13:52:04Z","https://i.ytimg.com/vi/_dRPZ34vxl0/maxresdefault.jpg","false"
"_sL78F-fS3Y","One of the BEST Ratchet & Clank games!!✨【Ratchet & Clank 2: Going Commando】","2026-07-02T22:05:56Z","https://i.ytimg.com/vi/_sL78F-fS3Y/maxresdefault.jpg","false"
"aMAVlVd2nrY","Let's play the cutest new Farming Game!✨🥕And everything is ...GIANT?!【Fourleaf Fields】","2026-06-30T20:38:57Z","https://i.ytimg.com/vi/aMAVlVd2nrY/maxresdefault.jpg","false"
"acvxHfozzs0","Let's React to the Pokémon Day 30th Anniversary: Pokémon Presents✨【WATCHALONG】27th Feb 2026","2026-02-27T15:06:38Z","https://i.ytimg.com/vi/acvxHfozzs0/maxresdefault.jpg","false"
"ah898bf-8yc","Cosplay Membies Bodycam Stream✨🦆 What Will I Wear?!【Member's Stream】","2025-06-29T10:49:56Z","https://i.ytimg.com/vi/ah898bf-8yc/maxresdefault.jpg","true"
"aiG4pMwWt8k","Why are so many flags just STRIPES?!","2026-06-07T12:00:00Z","https://i.ytimg.com/vi/aiG4pMwWt8k/maxresdefault.jpg","false"
"ajrzFTcvNY8","Adventuring in New Continents! And petting cute PALS!✨【Palworld】18 VTuber Palworld server💖","2026-07-15T22:59:12Z","https://i.ytimg.com/vi/ajrzFTcvNY8/maxresdefault.jpg","false"
"amlGtruPlCU","Going To ...SPACE?! In Minecraft?!🚀🌕【Minecraft - Race To The Moon】","2025-09-07T00:49:09Z","https://i.ytimg.com/vi/amlGtruPlCU/maxresdefault.jpg","false"
"b-DW56YCSNY","Let a brand new Adventure begin!💫【Super Mario Galaxy 2】Blind Playthrough","2026-08-08T21:11:02Z","https://i.ytimg.com/vi/b-DW56YCSNY/maxresdefault.jpg","false"
"b1jgQY59lDo","Building the cutest Under Sea Town✨🌊【Pokémon Pokopia DLC】Blind Playthrough","2026-08-06T22:02:20Z","https://i.ytimg.com/vi/b1jgQY59lDo/maxresdefault.jpg","false"
"b35HZNE2Tz8","Help!! The salmon are hunting me!😱🐟【Splatoon Raiders】Completely Blind Playthrough","2026-07-25T20:33:02Z","https://i.ytimg.com/vi/b35HZNE2Tz8/maxresdefault.jpg","false"
"b3pNrBFvdgc","It's time for ...NIKKE CARDS?!😳【Handcam】& Cozy Knitting🧶","2026-07-20T20:33:08Z","https://i.ytimg.com/vi/b3pNrBFvdgc/maxresdefault.jpg","false"
"bFslTBdzvZk","What will I wear today~?💛🦆Cute chating with my sweetie kamomos!","2026-04-22T21:21:58Z","https://i.ytimg.com/vi/bFslTBdzvZk/maxresdefault.jpg","true"
"bJaaeFyVOb0","Exploring the new world!! And all the new PALS!✨【Palworld】18 VTuber Palworld server💖","2026-07-12T23:04:12Z","https://i.ytimg.com/vi/bJaaeFyVOb0/maxresdefault.jpg","false"
"bNNXgBgNccA","Trying Plants vs. Zombies Garden Warfare 2 for the FIRST TIME!✨【PvZ Garden Warfare 2】","2026-08-16T21:43:33Z","https://i.ytimg.com/vi/bNNXgBgNccA/maxresdefault.jpg","false"
"bXt-5uCF_HE","A new Maid appears!","2026-03-15T15:30:21Z","https://i.ytimg.com/vi/bXt-5uCF_HE/maxresdefault.jpg","false"
"b_9u5oq22_k","Let's React to the PlayStation State of Play!【WATCHALONG】2nd June 2026✨","2026-06-02T22:46:33Z","https://i.ytimg.com/vi/b_9u5oq22_k/maxresdefault.jpg","false"
"bcxbblIFTTc","STOP JUMPSCARING ME WITH ALERTS!! I'm perishing!!!","2026-07-21T14:30:27Z","https://i.ytimg.com/vi/bcxbblIFTTc/maxresdefault.jpg","false"
"c5siSqr-88w","There's a new Frog Game?!🐸✨Time for Cute Girls to become Cute Frogs!【Frog Sqwad】","2026-02-12T19:54:14Z","https://i.ytimg.com/vi/c5siSqr-88w/maxresdefault.jpg","false"
"cGmMTI901Cw","First Time Playing!✨Trying to Beat the Game in One Week! 【Satisfactory】","2025-11-29T21:04:47Z","https://i.ytimg.com/vi/cGmMTI901Cw/maxresdefault.jpg","false"
"cKgYKIEah-I","Giant basilisks around every corner!! And other Dark Souls 2 shenanigans!","2026-02-28T15:30:34Z","https://i.ytimg.com/vi/cKgYKIEah-I/maxresdefault.jpg","false"
"cMP7U3aZxfI","Come fight me!! Playing w/Viewers✨【Street Fighter 6】","2026-07-03T20:34:54Z","https://i.ytimg.com/vi/cMP7U3aZxfI/maxresdefault.jpg","false"
"cYh3zSUIYxg","Girls Plundering Tombs!✨Will We Turn into Mummies?!😱【Forewarned】","2025-10-25T20:31:04Z","https://i.ytimg.com/vi/cYh3zSUIYxg/maxresdefault.jpg","false"
"c_hWd0XLUc8","Animals! But in Norwegian!","2026-05-28T12:00:19Z","https://i.ytimg.com/vi/c_hWd0XLUc8/maxresdefault.jpg","false"
"ccxISp1Axb8","Four friends exploring the great unknown together!【Big Walk】","2026-08-11T21:07:52Z","https://i.ytimg.com/vi/ccxISp1Axb8/maxresdefault.jpg","false"
"clJwlBy9azM","Playing Factorio for the First Time ...and an Announcement?!【Factorio】","2025-11-21T22:47:49Z","https://i.ytimg.com/vi/clJwlBy9azM/maxresdefault.jpg","false"
"cuwRdd2_8Q8","I got hunted down by my own viewers!!","2026-02-25T15:30:26Z","https://i.ytimg.com/vi/cuwRdd2_8Q8/maxresdefault.jpg","false"
"d96x7J97rRQ","There's a NEW story update?!【Crime Scene Cleaner】Maid Kanna reporting for duty!🧼🫧","2026-03-31T21:49:27Z","https://i.ytimg.com/vi/d96x7J97rRQ/maxresdefault.jpg","false"
"dHqfEp8y5CI","Hamsters on a murder spree!😱","2026-03-28T15:00:46Z","https://i.ytimg.com/vi/dHqfEp8y5CI/maxresdefault.jpg","false"
"dMEflaM4LQY","I'm hiding from YOU!!!","2026-07-19T14:30:14Z","https://i.ytimg.com/vi/dMEflaM4LQY/maxresdefault.jpg","false"
"dNGCJWxfH9c","First Time Playing!✨ Spears Are The Best Weapon!【Dark Souls: Remastered】","2025-08-23T20:54:56Z","https://i.ytimg.com/vi/dNGCJWxfH9c/maxresdefault.jpg","false"
"dTk12dGBc_0","Anime girl milk?!","2026-05-12T12:00:59Z","https://i.ytimg.com/vi/dTk12dGBc_0/maxresdefault.jpg","false"
"dZLjJ8eLLy8","Let the Let's Play Begin!✨Part 1【Splatoon Raiders】Completely Blind Playthrough","2026-07-23T22:25:19Z","https://i.ytimg.com/vi/dZLjJ8eLLy8/maxresdefault.jpg","false"
"dZSuq11ChGk","Cosplay Duck Bodycam Stream✨🦆 Cute Dress Edition?!【Member's Stream】","2025-05-10T21:37:33Z","https://i.ytimg.com/vi/dZSuq11ChGk/maxresdefault.jpg","true"
"dbuUWqiPAM4","Duck Detective finding your cute lost stuff!🦆🔍【Lost and Found Co.】","2026-05-17T20:34:20Z","https://i.ytimg.com/vi/dbuUWqiPAM4/maxresdefault.jpg","false"
"ddp4VUw3Sc4","The colors?! The flags?! I NEED TO KNOW WHAT IT MEANS!【Blue Prince】","2026-05-15T00:08:51Z","https://i.ytimg.com/vi/ddp4VUw3Sc4/maxresdefault.jpg","false"
"e7OBcYedJvE","Exploring the new Sky Islands?! And all the new PALS!✨【Palworld】18 VTuber Palworld server💖","2026-07-16T21:11:17Z","https://i.ytimg.com/vi/e7OBcYedJvE/maxresdefault.jpg","false"
"eFwk83vfF-o","Christmas Murder Mystery?!😱🎄 Chaotic & Fun collab Shenanigans!【Goose Goose Duck】","2025-12-20T21:06:35Z","https://i.ytimg.com/vi/eFwk83vfF-o/maxresdefault.jpg","false"
"eGaTm4XZu4Y","My older sister saw my feet pic!!😳","2026-02-17T15:30:21Z","https://i.ytimg.com/vi/eGaTm4XZu4Y/maxresdefault.jpg","false"
"eK8YBzTTJr4","Exodia is Real?!✨ Opening YuGiOh! Cards for the First Time in 15 Years!【Handcam】& Cozy Knitting!🧶","2025-11-17T21:40:27Z","https://i.ytimg.com/vi/eK8YBzTTJr4/maxresdefault.jpg","false"
"eQMhoc3YuKk","Frog?! Golf?! It's FROLF! The greatest game ever invented✨🐸【Ribbit King】","2026-05-29T20:55:34Z","https://i.ytimg.com/vi/eQMhoc3YuKk/maxresdefault.jpg","false"
"eXoofUkPSsM","Completely Blind Playthrough!✨ It's not THAT scary right?!🤨【Resident Evil Requiem】","2026-03-01T21:05:07Z","https://i.ytimg.com/vi/eXoofUkPSsM/maxresdefault.jpg","false"
"fE9JfTzRi3w","The Amazing Pokémon Adventure!✨【Pokémon Pokopia】 Completely Blind Playthrough!","2026-03-07T22:02:39Z","https://i.ytimg.com/vi/fE9JfTzRi3w/maxresdefault.jpg","false"
"fHxMUrBKZzU","I was forced to exercise...!","2026-03-17T15:30:34Z","https://i.ytimg.com/vi/fHxMUrBKZzU/maxresdefault.jpg","false"
"fP_EZ3Y6SRE","The grand End to the Amazing Adventure~!【Core Keeper】First time playing!✨","2026-03-29T21:33:03Z","https://i.ytimg.com/vi/fP_EZ3Y6SRE/maxresdefault.jpg","false"
"fdXrA9zJWtg","Diving into Act 3?! What horrors await me...😱【Hollow Knight: Silksong】Blind Playthrough","2026-01-02T23:57:56Z","https://i.ytimg.com/vi/fdXrA9zJWtg/maxresdefault.jpg","false"
"frIkmrwOgLU","Reacting to Every single Warhammer 40k Faction Explained✨【WARHAMMER 40k】I'm ready to learn!!😤","2026-01-22T22:49:22Z","https://i.ytimg.com/vi/frIkmrwOgLU/maxresdefault.jpg","false"
"g6Ya0IgHep0","Come chat with your cute duck girl~","2026-07-19T19:17:40Z","https://i.ytimg.com/vi/g6Ya0IgHep0/maxresdefault.jpg","false"
"g9wVy8BkCeM","This game can't be that hard right?!🤨【Dark Souls 2】Blind Playthrough","2026-01-16T22:41:14Z","https://i.ytimg.com/vi/g9wVy8BkCeM/maxresdefault.jpg","false"
"gACPiPaaHmM","Fighting Terrifying Bugs!😱 With A Heart Rate Monitor【Hollow Knight: Silksong】","2025-09-21T21:33:11Z","https://i.ytimg.com/vi/gACPiPaaHmM/maxresdefault.jpg","false"
"gEtUlnh-rRc","Hololive TCG Booster Box Opening!✨Can I pull a SIGNED card?!【Handcam】& cozy knitting afterwards!🧶","2026-04-13T20:04:07Z","https://i.ytimg.com/vi/gEtUlnh-rRc/maxresdefault.jpg","false"
"gSGvxVWMOFk","This game is TOO cute!✨ All my Pokémon dreams come true!【Pokémon Pokopia】 Blind Playthrough!","2026-03-07T00:13:06Z","https://i.ytimg.com/vi/gSGvxVWMOFk/maxresdefault.jpg","false"
"gVqr6IXjyzI","Can You Spot the Imposter?! ...I'm Totally Innocent!!😈🦆【Goose Goose Duck】","2025-11-02T00:41:48Z","https://i.ytimg.com/vi/gVqr6IXjyzI/maxresdefault.jpg","false"
"geCFj9U3g9M","Booster Box Opening Battle!⚔️✨ Opening Shadowerse: The IDOLM@STER Cinderella Girls【Handcam】","2025-09-28T18:10:59Z","https://i.ytimg.com/vi/geCFj9U3g9M/maxresdefault.jpg","false"
"ghOH4DPzU-k","The Start of a new Adventure~ Playing for the very First Time!✨【Dark Souls 2】Blind Playthrough","2026-01-13T23:36:28Z","https://i.ytimg.com/vi/ghOH4DPzU-k/maxresdefault.jpg","false"
"gjQ-kflC60c","Reacting to ALL Detective Conan Openings!✨【1996 - 2025】 名探偵コナンOPリアクション","2025-10-15T19:41:18Z","https://i.ytimg.com/vi/gjQ-kflC60c/maxresdefault.jpg","false"
"gl1wb0eCgQs","Completely Blind Playthrough! - Part 1✨【Beast of Reincarnation】","2026-08-04T19:48:22Z","https://i.ytimg.com/vi/gl1wb0eCgQs/maxresdefault.jpg","false"
"gns1UT5Kj38","Starting my very own cool Museum!!✨【Two Point Museum】","2025-12-30T23:34:42Z","https://i.ytimg.com/vi/gns1UT5Kj38/maxresdefault.jpg","false"
"gqi8AWtDJ74","Speedy Speed Boy / Marko Polo - Initial D （Cover）","2025-08-31T20:38:21Z","https://i.ytimg.com/vi/gqi8AWtDJ74/maxresdefault.jpg","false"
"h1KN5eBdKYM","We've spent 4 years together~🥺💖 Come Celebrate with me!","2026-05-25T18:18:01Z","https://i.ytimg.com/vi/h1KN5eBdKYM/maxresdefault.jpg","false"
"h4CAu0xVdP8","The Beginning of the End!✨Ender Dragon Raid!【Minecraft - VSMP 2】","2025-11-08T22:04:08Z","https://i.ytimg.com/vi/h4CAu0xVdP8/maxresdefault.jpg","false"
"h5e0BBNcJm4","Punching solves everything","2026-05-18T12:01:11Z","https://i.ytimg.com/vi/h5e0BBNcJm4/maxresdefault.jpg","false"
"hBSeZw3m7fw","Completely Blind Playthrough! - Part 1【Resident Evil Requiem】Raccoon City is back!","2026-02-27T22:22:47Z","https://i.ytimg.com/vi/hBSeZw3m7fw/maxresdefault.jpg","false"
"hBW3871XprA","It's an amazing adventure!✨🥹【Pokémon Mystery Dungeon: Explorers of Sky】","2026-04-16T22:22:54Z","https://i.ytimg.com/vi/hBW3871XprA/maxresdefault.jpg","false"
"hq7iP-ZsBvk","Hunting Lagiacrus For The Very First Time✨🏹 Playing w/Viewers! 【Monster Hunter Wilds】","2025-08-05T22:20:59Z","https://i.ytimg.com/vi/hq7iP-ZsBvk/maxresdefault.jpg","false"
"hqKBB8C6WJo","Sci-Fi Magic the Gathering is PEAK!!","2026-08-05T14:30:09Z","https://i.ytimg.com/vi/hqKBB8C6WJo/maxresdefault.jpg","false"
"i37cdVz0o7c","I'm the ULTIMATE and undisputed master of stealth!","2026-02-08T15:30:33Z","https://i.ytimg.com/vi/i37cdVz0o7c/maxresdefault.jpg","false"
"iSuMKmENJrs","First Time Watching ALL the Magic: The Gathering Trailers & Cinematics!✨","2026-04-25T20:33:47Z","https://i.ytimg.com/vi/iSuMKmENJrs/maxresdefault.jpg","false"
"iTt-SBFek3g","It's Mario Platforming time💫In SPACE!!【Super Mario Galaxy 2】Blind Playthrough","2026-08-16T13:27:05Z","https://i.ytimg.com/vi/iTt-SBFek3g/maxresdefault_live.jpg","false"
"iuuWQG55mOI","My brain is EXPLODING~!😵‍💫 Come work with me!","2026-05-03T18:51:46Z","https://i.ytimg.com/vi/iuuWQG55mOI/maxresdefault.jpg","false"
"iwFNoGd4k9g","First Time Playing!✨ Am I Reaching The END?!【Dark Souls: Remastered】","2025-08-29T20:18:40Z","https://i.ytimg.com/vi/iwFNoGd4k9g/maxresdefault.jpg","false"
"iyoTcnUBjyA","Card Unboxing✨ Opening Spectacular Shadowverse Cards!【Handcam】& Cozy Crocheting💛🦆","2025-09-01T19:46:04Z","https://i.ytimg.com/vi/iyoTcnUBjyA/maxresdefault.jpg","false"
"j0EGWizcxRI","I love making new friends! (Please don't let them kill me...!!)","2026-02-19T15:30:31Z","https://i.ytimg.com/vi/j0EGWizcxRI/maxresdefault.jpg","false"
"j285ZRovs_M","Judging YOUR food!🍖🥗 Is it Good?🤨","2025-10-19T20:31:16Z","https://i.ytimg.com/vi/j285ZRovs_M/maxresdefault.jpg","false"
"jEmNSgnh8V0","Delivery Driver RAGE!!","2025-08-04T10:01:11Z","https://i.ytimg.com/vi/jEmNSgnh8V0/maxresdefault.jpg","false"
"jVT_1GqUkso","The Manor is calling🔍🦆 With it's haunting mysteries~【Blue Prince】","2026-05-24T20:23:56Z","https://i.ytimg.com/vi/jVT_1GqUkso/maxresdefault.jpg","false"
"k2l4HAcuhGs","It's time for the Harvest Fair!✨🌽Let's see what everyone has built! 【Minecraft - VSMP 2: Farm Life】","2026-02-15T22:19:18Z","https://i.ytimg.com/vi/k2l4HAcuhGs/maxresdefault.jpg","false"
"kGiyyIM72MU","Cards & Knitting!🧶✨Opening Amazing Shadowverse Cards Today!【Handcam】& Knitting a Beanie!","2025-11-04T21:56:13Z","https://i.ytimg.com/vi/kGiyyIM72MU/maxresdefault.jpg","false"
"kcwnUoujPVM","Fighting Cute & Terrifying Bugs!✨Blind Playthrough 【Hollow Knight: Silksong】","2025-09-12T22:27:40Z","https://i.ytimg.com/vi/kcwnUoujPVM/maxresdefault.jpg","false"
"kfij3QrBTZc","Cozy Chatting & Co-Working!💛🦆","2025-08-13T13:19:09Z","https://i.ytimg.com/vi/kfij3QrBTZc/maxresdefault.jpg","false"
"khf0_o8W42I","Can we Beat the game in 6 days?!【Core Keeper】First time playing!✨","2026-03-28T21:49:46Z","https://i.ytimg.com/vi/khf0_o8W42I/maxresdefault.jpg","false"
"kyJwjm08aA0","Why Are We Fighting Over Women?!","2025-09-07T10:01:11Z","https://i.ytimg.com/vi/kyJwjm08aA0/maxresdefault.jpg","false"
"l3EjAGtPVJg","きみとそらをとぶ / Kimi to Sora o Tobu （Cover）","2026-03-04T22:00:06Z","https://i.ytimg.com/vi/l3EjAGtPVJg/maxresdefault.jpg","false"
"l8OrB6vUII4","The story book will make me cry...!😭🌌【Super Mario Galaxy - Switch 2】","2026-06-25T21:00:09Z","https://i.ytimg.com/vi/l8OrB6vUII4/maxresdefault.jpg","false"
"lE4OeQV5qfs","Cute Girls going to Rock & Stone!!⛏️💥【Deep Rock Galactic】Aerunia 1 month anniversary!","2026-02-10T23:25:03Z","https://i.ytimg.com/vi/lE4OeQV5qfs/maxresdefault.jpg","false"
"lONRSOlefkg","This is too embarrassing!!","2026-05-30T12:00:15Z","https://i.ytimg.com/vi/lONRSOlefkg/maxresdefault.jpg","false"
"lPumgW_VvAQ","Heroes of Might & Magic is BACK?!🤯Let's dive into the new game!!【Heroes of Might & Magic: Olden Era】","2026-04-30T21:59:30Z","https://i.ytimg.com/vi/lPumgW_VvAQ/maxresdefault.jpg","false"
"lb-rXoNCdus","Let's go!! Hunting Gogmazios w/Viewers!✨【Monster Hunter Wilds】& Exploring the new Winter event!","2025-12-19T21:20:03Z","https://i.ytimg.com/vi/lb-rXoNCdus/maxresdefault.jpg","false"
"lbYfI-pv1v8","I want to show you my YARN!🧶【Handcam】I love Knitting💖","2026-06-29T19:17:31Z","https://i.ytimg.com/vi/lbYfI-pv1v8/maxresdefault.jpg","false"
"lg3aKHdqS1s","Let's React to the Special PlayStation Japan State of Play!✨【WATCHALONG】November 2025","2025-11-11T23:05:25Z","https://i.ytimg.com/vi/lg3aKHdqS1s/maxresdefault.jpg","false"
"lq4y13yRmFg","Opening amazingly cute Hololive Figures!✨【Handcam】& Cozy Knitting🧶","2026-07-06T20:30:15Z","https://i.ytimg.com/vi/lq4y13yRmFg/maxresdefault.jpg","false"
"ltQAcEgBtLg","Trying to escape my cute stalker!!","2026-03-26T15:01:14Z","https://i.ytimg.com/vi/ltQAcEgBtLg/maxresdefault.jpg","false"
"m0VJvj2YKnI","Completely Blind Playthrough!✨【Metal Gear Solid Delta: Snake Eater】First Metal Gear Game!","2025-08-27T21:28:57Z","https://i.ytimg.com/vi/m0VJvj2YKnI/maxresdefault.jpg","false"
"m4cjqMyKkeQ","New EX crossover set Umamusume: Pretty Derby✨ It will be Umazing!🐎【Handcam】& Cozy Knitting🧶💛","2025-12-18T21:23:03Z","https://i.ytimg.com/vi/m4cjqMyKkeQ/maxresdefault.jpg","false"
"mAc0j3Ea31E","Let's have a Cozy Hangout Kamomos~🥺💖🌿【Members Stream】","2026-06-28T21:30:29Z","https://i.ytimg.com/vi/mAc0j3Ea31E/maxresdefault.jpg","true"
"mMlSXWryho4","Playing Fighting Games With YOU!🫵 Can You Beat Me?【Guilty Gear Strive】","2025-09-14T19:45:53Z","https://i.ytimg.com/vi/mMlSXWryho4/maxresdefault.jpg","false"
"mSWP1e_8Qpc","Farming can be relaxing right?💛🌽【Minecraft - VSMP 2: Farm Life】","2026-02-04T22:41:59Z","https://i.ytimg.com/vi/mSWP1e_8Qpc/maxresdefault.jpg","false"
"miRUemHtGd4","First time playing~✨Going deeper into the Suffering!【Dark Souls 2】Blind Playthrough","2026-02-20T23:43:14Z","https://i.ytimg.com/vi/miRUemHtGd4/maxresdefault.jpg","false"
"n86y67F-ktw","Come and Relax with me~💛 We're going on a Cozy Fishing Trip today!【Cast n Chill】","2026-01-06T20:21:34Z","https://i.ytimg.com/vi/n86y67F-ktw/maxresdefault.jpg","false"
"nEErvqin3zI","What is the scariest Pokémon?","2026-04-05T14:01:14Z","https://i.ytimg.com/vi/nEErvqin3zI/maxresdefault.jpg","false"
"nRzBGVFkP3g","I'm Batman!🦇✨or maybe a bat duck!!【Batman: Arkham Origins】Blind Playthrough!","2025-12-16T23:35:28Z","https://i.ytimg.com/vi/nRzBGVFkP3g/maxresdefault.jpg","false"
"nSoEFuW34H4","The BEST and WORST of Cat Ownership!✨ Let's talk about it~🐈","2026-01-28T19:51:42Z","https://i.ytimg.com/vi/nSoEFuW34H4/maxresdefault.jpg","false"
"nVKJ7--36XM","I Love This Game... But It's Driving Me INSANE!🤯【Hollow Knight: Silksong】","2025-09-07T23:10:18Z","https://i.ytimg.com/vi/nVKJ7--36XM/maxresdefault.jpg","false"
"naOrWfwi58g","It's the start of a grand New Adventure!✨【Pokémon Mystery Dungeon: Explorers of Sky】","2026-04-05T21:22:21Z","https://i.ytimg.com/vi/naOrWfwi58g/maxresdefault.jpg","false"
"nfPICuPFaz4","It's time for Karaoke!✨ & A Super Fun Announcement...!!【歌枠 - Karaoke】","2026-03-20T20:31:12Z","https://i.ytimg.com/vi/nfPICuPFaz4/maxresdefault.jpg","false"
"nhNcpiv_z88","I might have the fastest jinxing ability!","2026-07-28T14:30:11Z","https://i.ytimg.com/vi/nhNcpiv_z88/maxresdefault.jpg","false"
"niWup_ReUkI","Saving Gotham!🦇✨Gotham during Christmas is still scary!【Batman: Arkham Origins】Blind Playthrough!","2025-12-23T21:53:42Z","https://i.ytimg.com/vi/niWup_ReUkI/maxresdefault.jpg","false"
"nk4o1UPsWHk","Should you play Reverse: 1999 in 2026?","2026-01-17T19:33:52Z","https://i.ytimg.com/vi/nk4o1UPsWHk/maxresdefault.jpg","false"
"nwPRFUd3ajU","Swords! Samurai! Adventure!!✨⚔️【Ghost of Yōtei】Blind Playthrough!","2025-10-04T21:28:39Z","https://i.ytimg.com/vi/nwPRFUd3ajU/maxresdefault.jpg","false"
"oC86jzAD5TY","Let's React to the Resident Evil 9 showcase!!【WATCHALONG】","2026-01-15T23:53:09Z","https://i.ytimg.com/vi/oC86jzAD5TY/maxresdefault.jpg","false"
"oPGT3D_r-fk","Building a One Piece ship Plamo!✨【Handcam】& opening some cards~","2026-03-16T21:18:59Z","https://i.ytimg.com/vi/oPGT3D_r-fk/maxresdefault.jpg","false"
"oT3qIUEm4Xk","Let's go! Starting my Super Hero adventure!🦇✨【Batman: Arkham Origins】Blind Playthrough!","2025-12-14T22:35:27Z","https://i.ytimg.com/vi/oT3qIUEm4Xk/maxresdefault.jpg","false"
"oXalTpQ9dOU","Time to Dive into my Childhood Strategy Game!✨【Heroes of Might and Magic V】","2025-12-02T23:27:58Z","https://i.ytimg.com/vi/oXalTpQ9dOU/maxresdefault.jpg","false"
"pZB8tzNRAW0","Handcam & ...Singing?!✨Duck girl shenanigans is happening today!","2026-01-23T21:13:17Z","https://i.ytimg.com/vi/pZB8tzNRAW0/maxresdefault.jpg","false"
"pZmVpi8FsB4","Shy Girl Ranking ALL The Nikke Outfits!🫣💓","2025-11-12T22:05:04Z","https://i.ytimg.com/vi/pZmVpi8FsB4/maxresdefault.jpg","false"
"prcM25OIgYQ","Let's React to the Nintendo Direct!【WATCHALONG】9th June 2026✨","2026-06-09T16:29:53Z","https://i.ytimg.com/vi/prcM25OIgYQ/maxresdefault.jpg","false"
"pzFxSbh158M","Playing the new Reverse: 1999 3.4 Update!✨ Spring Unending~【Reverse: 1999】","2026-04-17T23:57:33Z","https://i.ytimg.com/vi/pzFxSbh158M/maxresdefault.jpg","false"
"qKRo3FUjfkM","Unboxing Digimon Cards!✨Booster Box Opening & Cozy Knitting🧶【Handcam】","2026-01-19T21:45:45Z","https://i.ytimg.com/vi/qKRo3FUjfkM/maxresdefault.jpg","false"
"qQqudLrP78M","Going To ...MARS?!🚀🌕 Late Night Minecraft Shenanigans!【Minecraft - Race To The Moon】","2025-09-21T00:22:10Z","https://i.ytimg.com/vi/qQqudLrP78M/maxresdefault.jpg","false"
"qUsHT5vWjcw","Trying to open MTG cards, but the pack was the FINAL BOSS!","2026-08-03T14:30:07Z","https://i.ytimg.com/vi/qUsHT5vWjcw/maxresdefault.jpg","false"
"qv9McFwSQbU","Instant gaming karma!","2026-07-26T14:30:09Z","https://i.ytimg.com/vi/qv9McFwSQbU/maxresdefault.jpg","false"
"r-8qGd6j6Cc","Completely Blind Playthrough! - Part 1✨I'm Very Scared😱【Silent Hill F】","2025-09-23T21:20:41Z","https://i.ytimg.com/vi/r-8qGd6j6Cc/maxresdefault.jpg","false"
"r0LaUftdnBY","Ripping & Tearing my way through the DLC!🔥【Doom: Dark Ages | Revelations】Blind Playthrough!","2026-07-09T21:14:14Z","https://i.ytimg.com/vi/r0LaUftdnBY/maxresdefault.jpg","false"
"r37e7K65qIw","Cozy Chatting Time~!💛✨","2026-06-12T20:34:49Z","https://i.ytimg.com/vi/r37e7K65qIw/maxresdefault.jpg","false"
"r3EwEb4Jim4","It's time to DUEL!!✨Unboxing a Booster Box of Duel Masters today!【Handcam】& Cozy Knitting🧶","2026-01-05T22:04:38Z","https://i.ytimg.com/vi/r3EwEb4Jim4/maxresdefault.jpg","false"
"rMcKomhe7cg","Booster Box Unboxing✨ Opening Cute Grand Archive: Distorted Reflections Cards!【Handcam】DTR Relay!","2025-08-23T22:13:59Z","https://i.ytimg.com/vi/rMcKomhe7cg/maxresdefault.jpg","false"
"rapygacG1A4","First time playing Alien Isolation!😱 It can't be that scary right?!【Alien Isolation】","2026-04-12T22:25:27Z","https://i.ytimg.com/vi/rapygacG1A4/maxresdefault.jpg","false"
"rlj5kD2vgTI","Stupidly long anime titles, but in Norwegian","2026-06-09T12:00:10Z","https://i.ytimg.com/vi/rlj5kD2vgTI/maxresdefault.jpg","false"
"sADvmCPHowQ","Building an X-Wing & R2-D2 model kit✨Star Wars Plamo time~!【Handcam】","2026-04-06T20:46:28Z","https://i.ytimg.com/vi/sADvmCPHowQ/maxresdefault.jpg","false"
"sDQz9I2u3xs","Playing a Cute Duck Game to Relax~🦆【Babbling Brook】","2025-11-16T15:33:14Z","https://i.ytimg.com/vi/sDQz9I2u3xs/maxresdefault.jpg","false"
"sKzJ7_qC6wM","Fixing the Electronics of my Childhood🔧【ReStory: Chill Electronics Repairs】","2026-08-14T21:15:11Z","https://i.ytimg.com/vi/sKzJ7_qC6wM/maxresdefault.jpg","false"
"sMu-0Cj_LkU","Feeling Sick so we're doing comfy chatting🤧🦆 【Chatting】","2026-01-03T20:59:28Z","https://i.ytimg.com/vi/sMu-0Cj_LkU/maxresdefault.jpg","false"
"sR2CFXWZQMk","Time to Start the Lighthouse Adventure!✨🦆【Keeper】Blind Playthrough!","2025-10-18T22:26:26Z","https://i.ytimg.com/vi/sR2CFXWZQMk/maxresdefault.jpg","false"
"sSvhH-HBGFE","Playing Mario Kart With YOU!✨【Mario Kart 8 Deluxe】","2025-08-24T20:28:37Z","https://i.ytimg.com/vi/sSvhH-HBGFE/maxresdefault.jpg","false"
"sWXbeoIcPAM","Reacting to Star Wars Pitch Meetings Together!✨","2025-12-03T23:47:16Z","https://i.ytimg.com/vi/sWXbeoIcPAM/maxresdefault.jpg","false"
"sYqGyiexZ5w","Two girls battling it out in Heroes!⚔️Who will be victorious?!🔥【Heroes of Might & Magic: Olden Era】","2026-05-10T20:56:35Z","https://i.ytimg.com/vi/sYqGyiexZ5w/maxresdefault.jpg","false"
"sm52BKjlD8Q","Super Hype! Super Exciting Announcement!✨【ANNOUNCEMENT】","2025-08-16T17:46:51Z","https://i.ytimg.com/vi/sm52BKjlD8Q/maxresdefault.jpg","false"
"snZ1NzNG5f0","What happens when I laugh too much?!","2026-05-26T12:00:55Z","https://i.ytimg.com/vi/snZ1NzNG5f0/maxresdefault.jpg","false"
"szN8_whdgIE","Opening The FIRST Gundam Card Game Booster Box!✨【Handcam】& Mesmerizing Crochet!🧶","2025-09-29T20:55:03Z","https://i.ytimg.com/vi/szN8_whdgIE/maxresdefault.jpg","false"
"tApdXT5xvg8","Where did my glasses go?!","2026-07-18T14:30:10Z","https://i.ytimg.com/vi/tApdXT5xvg8/maxresdefault.jpg","false"
"tAz_7NGKeAo","Minecraft Horse Racing?!✨🏇【Minecraft - VSMP 2: Farm Life】","2026-02-21T21:42:41Z","https://i.ytimg.com/vi/tAz_7NGKeAo/maxresdefault.jpg","false"
"tDhM2SPmmp4","Carrying my team for the Norwegian economy!","2025-09-13T10:01:20Z","https://i.ytimg.com/vi/tDhM2SPmmp4/maxresdefault.jpg","false"
"tJkHXhKrLP0","I'm absolutely SHOCKED! There's .. Black Lagoon TCG Cards?!🤯【Handcam】& cozy knitting!🧶","2026-04-20T20:23:13Z","https://i.ytimg.com/vi/tJkHXhKrLP0/maxresdefault.jpg","false"
"tM7585kivxU","When Resident Evil gets ...unintentionally scary!!","2026-03-07T15:30:29Z","https://i.ytimg.com/vi/tM7585kivxU/maxresdefault.jpg","false"
"tNRf09bcFsw","Have YOU thought about becoming a streamer?","2025-08-07T11:01:27Z","https://i.ytimg.com/vi/tNRf09bcFsw/maxresdefault.jpg","false"
"teWSxSxIws0","Going Through My Clip Tag!! And Watching Them Together~😳【MEMBERS STREAM】","2024-12-03T23:08:09Z","https://i.ytimg.com/vi/teWSxSxIws0/maxresdefault.jpg","true"
"ttayh3dZXTk","Chatting & Making Thumbnails~ Secret Members Thumbnail Making Stream!!【MEMBERS STREAM】","2024-12-01T11:43:48Z","https://i.ytimg.com/vi/ttayh3dZXTk/maxresdefault.jpg","true"
"tymoPyk8LGk","Chill late night co-working~🦆🐤✨","2026-06-17T21:35:45Z","https://i.ytimg.com/vi/tymoPyk8LGk/maxresdefault.jpg","true"
"uW6RntkGwJU","Reacting to All Reverse 1999 Cinematics & Monster Hunter Monster Intros!✨","2025-10-01T22:15:52Z","https://i.ytimg.com/vi/uW6RntkGwJU/maxresdefault.jpg","false"
"ucdEXz84bXw","Trying to Find Every Cute Bug I Can~💖【Hollow Knight: Silksong】","2025-10-09T21:45:39Z","https://i.ytimg.com/vi/ucdEXz84bXw/maxresdefault.jpg","false"
"ufouI7j1D4c","Help!! It's REPO time!😱【R.E.P.O.】Let me get the Silliest Cosmetics!","2026-06-16T21:16:56Z","https://i.ytimg.com/vi/ufouI7j1D4c/maxresdefault.jpg","false"
"uha3VDACrkI","Duck Detective ready to find all the things you lost under the couch!🦆🔍【Lost and Found Co.】","2026-04-26T21:43:48Z","https://i.ytimg.com/vi/uha3VDACrkI/maxresdefault.jpg","false"
"uqU1oHvAzyk","I'm my restless dreams... I see that house!【Blue Prince】The mysteries will be SOLVED!😤🦆","2026-05-07T23:23:24Z","https://i.ytimg.com/vi/uqU1oHvAzyk/maxresdefault.jpg","false"
"uzFXEJbdh9k","I could be a professional hoverboarder right?!","2026-08-09T14:30:22Z","https://i.ytimg.com/vi/uzFXEJbdh9k/maxresdefault.jpg","false"
"v5cdxTViQso","Cute Girls Climbing Chaos✨ I Want To Make It To The Top!【PEAK】","2025-08-17T20:53:45Z","https://i.ytimg.com/vi/v5cdxTViQso/maxresdefault.jpg","false"
"vBetq0UjRp8","Girl lost in the underground~ Oh! I'm running a farm now?!【Core Keeper】First time playing!✨","2026-03-27T22:43:19Z","https://i.ytimg.com/vi/vBetq0UjRp8/maxresdefault.jpg","false"
"vMbqwzG8tgw","Going Sledding with Friends!! Trying the Cutest new Winter Game!✨❄️【Sledding Game】","2026-02-27T00:27:02Z","https://i.ytimg.com/vi/vMbqwzG8tgw/maxresdefault.jpg","false"
"vQGMlZE0in8","I forgot how to English...","2026-07-24T14:30:12Z","https://i.ytimg.com/vi/vQGMlZE0in8/maxresdefault.jpg","false"
"vg2thnGjHd4","It's Mario Time!🔥 3D Platforming... Which I'm Totally Good At!【Super Mario Odyssey - Switch 2】","2025-09-09T20:49:56Z","https://i.ytimg.com/vi/vg2thnGjHd4/maxresdefault.jpg","false"
"vjFLJ6VeIL4","Mellow Co-working~ I'll probably be low energy kamos 🥺","2026-01-22T13:46:22Z","https://i.ytimg.com/vi/vjFLJ6VeIL4/maxresdefault.jpg","true"
"vnMpVYexJxM","Let Me Clean~! With Powerwashers!✨🧼【PowerWash Simulator 2】","2025-10-24T19:06:16Z","https://i.ytimg.com/vi/vnMpVYexJxM/maxresdefault.jpg","false"
"vo-KGUCmgkA","Building A Rocket To The Moon~🚀🌕 Late Night Minecraft Shenanigans!【Minecraft - Race To The Moon】","2025-09-14T00:20:37Z","https://i.ytimg.com/vi/vo-KGUCmgkA/maxresdefault.jpg","false"
"vwbNwu9pNRU","Raccoon City Is SCARY!✨ Playing Resident Evil 2 For The First Time!【Resident Evil 2】","2025-08-09T21:18:22Z","https://i.ytimg.com/vi/vwbNwu9pNRU/maxresdefault.jpg","false"
"w2t1Qk8Fx80","First Time Playing!✨Trying to Beat the Game in One Week! 【Satisfactory】","2025-11-27T00:12:11Z","https://i.ytimg.com/vi/w2t1Qk8Fx80/maxresdefault.jpg","false"
"w61rs4-5CYc","I'm Good at this Game Right?!🤨✨【Hollow Knight: Silksong】Blind Playthrough","2025-10-26T22:51:42Z","https://i.ytimg.com/vi/w61rs4-5CYc/maxresdefault.jpg","false"
"wEARKYu3cfo","Which Winter Sport would KILL me if I tried it?!😱🏂 Let's find out!【Tierlist】","2025-12-17T21:51:24Z","https://i.ytimg.com/vi/wEARKYu3cfo/maxresdefault.jpg","false"
"wPmJI14jxVA","It's Time For Claire!✨ Playing Resident Evil 2 For The First Time!【Resident Evil 2】","2025-08-20T21:59:47Z","https://i.ytimg.com/vi/wPmJI14jxVA/maxresdefault.jpg","false"
"wX_Y28ywsR4","Building a ...Bookcase?!✨ Maid Kanna reporting for duty!","2026-02-26T19:57:08Z","https://i.ytimg.com/vi/wX_Y28ywsR4/maxresdefault.jpg","false"
"wZ9gZON2unA","Completely Blind Playthrough!✨ STEALTH!【Metal Gear Solid Delta: Snake Eater】First Metal Gear Game!","2025-08-28T23:26:49Z","https://i.ytimg.com/vi/wZ9gZON2unA/maxresdefault.jpg","false"
"weyCy8QATd4","Let's React to the The Game Awards 2025!【WATCHALONG】Official Co-Stream","2025-12-12T04:31:26Z","https://i.ytimg.com/vi/weyCy8QATd4/maxresdefault.jpg","false"
"wgqVMhEODag","This Is Fine... The Cute Bugs Can't Hurt Me!!✨Blind Playthrough 【Hollow Knight: Silksong】","2025-09-19T21:27:39Z","https://i.ytimg.com/vi/wgqVMhEODag/maxresdefault.jpg","false"
"wh-QaFy82HY","The Best Pokémon game ever?!✨It's a grand adventure!【Pokémon Mystery Dungeon: Explorers of Sky】","2026-04-10T20:44:32Z","https://i.ytimg.com/vi/wh-QaFy82HY/maxresdefault.jpg","false"
"wj7xm93MG0g","Rolling Cute Hololive Girls?!😍【Goro Goro Mountain】Chill Early Day Gaming!","2025-08-09T13:27:08Z","https://i.ytimg.com/vi/wj7xm93MG0g/maxresdefault.jpg","false"
"wyWenP7_o9A","First Time Playing this Absolutely Amazing Game!✨【Clair Obscur: Expedition 33】Blind Playthrough!","2025-11-11T22:11:35Z","https://i.ytimg.com/vi/wyWenP7_o9A/maxresdefault.jpg","false"
"wzoWZJ8KJuk","I'm Turning 31 Years!✨💖 Duck Birthday Party!【Birthday Celebration】","2025-09-15T20:52:55Z","https://i.ytimg.com/vi/wzoWZJ8KJuk/maxresdefault.jpg","false"
"x-nRY-q-w08","3 Girls Building Gunpla!✨ Come Join Us!【Handcam Collab】","2025-09-20T20:50:53Z","https://i.ytimg.com/vi/x-nRY-q-w08/maxresdefault.jpg","false"
"x16Xi2HiGh0","Booster Box Opening!✨ Opening Spectacular Detective Conan Cards!【Handcam】& Cozy Knitting!🧶","2025-12-01T21:31:57Z","https://i.ytimg.com/vi/x16Xi2HiGh0/maxresdefault.jpg","false"
"x6tGAq3kumU","Cleaning Horrific Halloween Crimes!🎃✨【Crime Scene Cleaner】","2025-10-31T21:06:23Z","https://i.ytimg.com/vi/x6tGAq3kumU/maxresdefault.jpg","false"
"xF77cl4G4Kk","Norwegian knowledge you will never need","2026-06-13T12:00:17Z","https://i.ytimg.com/vi/xF77cl4G4Kk/maxresdefault.jpg","false"
"xK5DKGBztMQ","Cozy Co-Working Time!💛🦆【Member's Stream】","2025-12-15T00:40:00Z","https://i.ytimg.com/vi/xK5DKGBztMQ/maxresdefault.jpg","true"
"xNk_OQERJaw","A Cute Maid finds all your Secrets~🦆🔍【Blue Prince】You have nothing to hide ...right?!","2026-06-02T20:46:57Z","https://i.ytimg.com/vi/xNk_OQERJaw/maxresdefault.jpg","false"
"xqsxxJ4eTk4","The New Pals are SO CUTE!💖【Palworld】18 VTuber Palworld server","2026-07-17T23:25:02Z","https://i.ytimg.com/vi/xqsxxJ4eTk4/maxresdefault.jpg","false"
"xsV7rnfJPGA","Four Girls Mountain Climbing! ...but There's ZOMBIES?!😱【PEAK】","2025-11-16T22:07:05Z","https://i.ytimg.com/vi/xsV7rnfJPGA/maxresdefault.jpg","false"
"xsW_URzlarE","Building A Sheep Village!🐑💛 With A ...Rollercoaster?!【Tiny Glade】","2025-08-06T14:00:56Z","https://i.ytimg.com/vi/xsW_URzlarE/maxresdefault.jpg","false"
"yGDt-zi0OUs","Let's Go! Playing Galaxy For The Very First Time!✨🌌【Super Mario Galaxy - Switch 2】The Grand Finale?!","2025-12-26T21:37:36Z","https://i.ytimg.com/vi/yGDt-zi0OUs/maxresdefault.jpg","false"
"yH03hBfGNyQ","WHAT IS THAT?!","2025-08-13T10:01:35Z","https://i.ytimg.com/vi/yH03hBfGNyQ/maxresdefault.jpg","false"
"yNLfREL2XYU","Digimon Booster Box Unboxing!✨ Let's Open Amazing Monster Cards!【Handcam】& Mesmerizing Crochet!🧶","2025-10-13T21:08:36Z","https://i.ytimg.com/vi/yNLfREL2XYU/maxresdefault.jpg","false"
"yW5eNr_eP-g","Building a Farm House?!✨🌽And some other fun Mining!【Minecraft - VSMP 2: Farm Life】","2026-02-17T21:48:56Z","https://i.ytimg.com/vi/yW5eNr_eP-g/maxresdefault.jpg","false"
"ycFz4LR49Ow","Opening a special One Piece TCG set!✨Trying to pull cute girls!【Handcam】& Cozy Knitting🧶","2025-12-29T22:15:46Z","https://i.ytimg.com/vi/ycFz4LR49Ow/maxresdefault.jpg","false"
"ywi3gCtmNMg","HotS is STILL getting UPDATES?!✨ Let's Play it!!【Heroes of the Storm】","2026-07-31T22:25:21Z","https://i.ytimg.com/vi/ywi3gCtmNMg/maxresdefault.jpg","false"
"yypIcoz9--Y","Cozy chatting~ and a little co-working!💛🌿【Members Stream】","2026-07-31T11:51:46Z","https://i.ytimg.com/vi/yypIcoz9--Y/maxresdefault.jpg","true"
"z3dDiFPbqh8","【AERUNIA FIRST COLLAB】 Get to know Glitch Stars gen 4 Aerunia!","2026-01-11T00:54:17Z","https://i.ytimg.com/vi/z3dDiFPbqh8/maxresdefault.jpg","false"
"z5eEBq10Fjw","Edge of Eternities MTG Collector Box Opening!✨Going deep into Space!🌌🌕【Handcam】& Cozy Knitting🧶","2026-06-22T20:38:14Z","https://i.ytimg.com/vi/z5eEBq10Fjw/maxresdefault.jpg","false"
"z7xgYukSyRA","Ratchet and Clank skill issues!","2026-08-09T14:30:10Z","https://i.ytimg.com/vi/z7xgYukSyRA/maxresdefault.jpg","false"
"zLbjMxg9kP0","Please Let Me In~!💖To Clean Your Room!【Whisper Of The House】...With A Dash Of Eldritch Horror🦑👻","2025-09-10T13:30:02Z","https://i.ytimg.com/vi/zLbjMxg9kP0/maxresdefault.jpg","false"
"zYf1xOqyUPk","Early Look At Arctic Awakening!❄️ Let's Play This Mysterious New Game!【Arctic Awakening】","2025-09-17T20:57:49Z","https://i.ytimg.com/vi/zYf1xOqyUPk/maxresdefault.jpg","false"
"ze4kW02A3qg","Your sweet Maid Cleaning Crime one blood splatter at the time!🧼🫧【Crime Scene Cleaner】","2026-04-03T21:21:41Z","https://i.ytimg.com/vi/ze4kW02A3qg/maxresdefault.jpg","false"
